unix,open,high,low,close,vwap,volume,tradecount,date,volume_from,Name,vwap_
1638700380,43806.9,43817.1,43804.0,43807.0,43806.4,2.14205123,28,2021-12-05 10:33:00,93836.83823261,BTCEUR,43807.0
1638700440,43807.0,43817.4,43807.0,43817.2,43812.5,1.44577547,14,2021-12-05 10:34:00,63349.832924083996,BTCEUR,43811.11
1638700500,43817.7,43825.7,43811.8,43811.8,43818.3,0.86727203,18,2021-12-05 10:35:00,37996.748723954,BTCEUR,43811.24
1638700560,43811.9,43811.9,43727.3,43733.1,43792.2,2.27940329,42,2021-12-05 10:36:00,99685.37202189899,BTCEUR,43784.83
1638700620,43727.2,43750.0,43725.7,43750.0,43734.3,0.39736776,19,2021-12-05 10:37:00,17384.839500000002,BTCEUR,43782.89
1638700680,43750.0,43750.0,43750.0,43750.0,43750.0,0.40472958,16,2021-12-05 10:38:00,17706.919125,BTCEUR,43781.12
1638700740,43749.9,43755.0,43749.9,43755.0,43750.0,0.33477847,16,2021-12-05 10:39:00,14648.23195485,BTCEUR,43780.01
1638700800,43754.9,43798.1,43754.9,43797.4,43785.9,1.31915916,37,2021-12-05 10:40:00,57775.741394184006,BTCEUR,43782.51
1638700860,43797.1,43798.1,43794.8,43798.0,43797.3,0.98425182,32,2021-12-05 10:41:00,43108.26121236,BTCEUR,43784.01
1638700920,43798.0,43798.1,43795.6,43797.5,43797.3,0.91137957,29,2021-12-05 10:42:00,39916.146717075004,BTCEUR,43785.12
1638700980,43797.4,43851.8,43797.4,43851.8,43826.5,1.18618518,48,2021-12-05 10:43:00,52016.35527632401,BTCEUR,43791.57
1638701040,43851.8,43873.0,43812.4,43838.3,43857.3,0.42702756,32,2021-12-05 10:44:00,18720.162283548,BTCEUR,43793.14
1638701100,43844.1,43867.9,43820.6,43859.3,43838.1,0.51486102,26,2021-12-05 10:45:00,22581.443934486,BTCEUR,43795.73
1638701160,43867.0,43874.1,43857.0,43873.6,43870.9,0.93086270,32,2021-12-05 10:46:00,40840.29775472,BTCEUR,43800.86
1638701220,43873.6,43873.6,43843.1,43864.3,43851.9,0.51119952,13,2021-12-05 10:47:00,22423.409105136,BTCEUR,43803.07
1638701280,43869.8,43881.9,43854.3,43857.0,43868.8,0.17188477,16,2021-12-05 10:48:00,7538.35035789,BTCEUR,43803.7
1638701340,43858.3,43861.9,43858.2,43861.8,43861.6,20.91591383,62,2021-12-05 10:49:00,917409.6292286941,BTCEUR,43837.72
1638701400,43861.8,43861.8,43835.7,43835.8,43852.6,0.21173499,20,2021-12-05 10:50:00,9281.572674642,BTCEUR,43837.71
1638701460,43835.8,43835.8,43835.7,43835.8,43835.7,0.19660702,12,2021-12-05 10:51:00,8618.426007316,BTCEUR,43837.7
1638701520,43835.8,43835.8,43835.7,43835.7,43835.7,1.19535619,18,2021-12-05 10:52:00,52399.275337982996,BTCEUR,43837.63
1638701580,43835.8,43835.8,43801.9,43805.3,43835.5,1.64670067,31,2021-12-05 10:53:00,72134.216859551,BTCEUR,43836.27
1638701640,43797.6,43797.6,43729.7,43729.8,43754.5,0.82778601,32,2021-12-05 10:54:00,36198.916660098,BTCEUR,43834.06
1638701700,43733.4,43751.4,43733.4,43746.8,43738.5,0.13909301,19,2021-12-05 10:55:00,6084.874089868,BTCEUR,43833.76
1638701760,43752.8,43762.0,43734.7,43740.5,43745.0,1.63124434,40,2021-12-05 10:56:00,71351.44305377001,BTCEUR,43830.11
1638701820,43734.9,43735.0,43711.5,43711.5,43730.1,13.20161792,45,2021-12-05 10:57:00,577062.52171008,BTCEUR,43801.59
1638701880,43713.2,43720.9,43697.2,43697.8,43706.4,4.83578260,23,2021-12-05 10:58:00,211313.06089828,BTCEUR,43793.19
1638701940,43686.7,43710.9,43685.1,43700.0,43703.1,1.27358330,21,2021-12-05 10:59:00,55655.59021,BTCEUR,43791.25
1638702000,43699.9,43734.3,43699.9,43732.5,43719.1,6.29854389,35,2021-12-05 11:00:00,275451.070669425,BTCEUR,43785.75
1638702060,43732.7,43734.9,43709.8,43719.5,43718.1,9.81784590,49,2021-12-05 11:01:00,429231.31382505,BTCEUR,43777.31
1638702120,43719.5,43732.1,43711.7,43730.3,43719.0,5.44837727,40,2021-12-05 11:02:00,238259.172530281,BTCEUR,43774.21
1638702180,43720.3,43731.3,43685.6,43685.7,43702.9,2.15492516,27,2021-12-05 11:03:00,94139.41406221199,BTCEUR,43771.96
1638702240,43659.1,43715.1,43659.0,43697.8,43675.2,3.47450123,25,2021-12-05 11:04:00,151828.059848294,BTCEUR,43769.04
1638702300,43712.4,43727.9,43703.5,43703.6,43709.5,0.05558789,15,2021-12-05 11:05:00,2429.390909404,BTCEUR,43769.0
1638702360,43703.5,43712.1,43690.6,43699.2,43699.0,0.60045830,21,2021-12-05 11:06:00,26239.54734336,BTCEUR,43768.53
1638702420,43699.3,43733.9,43699.3,43730.6,43711.9,0.46059132,19,2021-12-05 11:07:00,20141.934778392002,BTCEUR,43768.33
1638702480,43735.0,43753.0,43724.4,43727.7,43738.1,1.44513886,26,2021-12-05 11:08:00,63192.59852842199,BTCEUR,43767.69
1638702540,43750.2,43768.9,43738.6,43738.6,43752.2,0.10276502,10,2021-12-05 11:09:00,4494.798103772,BTCEUR,43767.65
1638702600,43738.8,43774.1,43738.8,43760.5,43757.9,0.14311426,8,2021-12-05 11:10:00,6262.751574729999,BTCEUR,43767.64
1638702660,43756.9,43775.6,43756.9,43775.5,43768.0,0.24203030,13,2021-12-05 11:11:00,10594.99739765,BTCEUR,43767.66
1638702720,43775.6,43794.0,43775.6,43790.9,43781.1,0.47538892,16,2021-12-05 11:12:00,20817.708656828,BTCEUR,43767.78
1638702780,43790.9,43793.8,43779.4,43791.6,43784.6,0.28822175,17,2021-12-05 11:13:00,12621.6915873,BTCEUR,43767.86
1638702840,43791.4,43791.4,43750.0,43772.3,43787.3,0.77669968,23,2021-12-05 11:14:00,33997.931402864,BTCEUR,43767.89
1638702900,43772.2,43780.1,43765.8,43765.8,43770.1,0.37961447,14,2021-12-05 11:15:00,16614.130971126,BTCEUR,43767.89
1638702960,43765.8,43765.8,43730.9,43736.3,43755.0,0.60678463,20,2021-12-05 11:16:00,26538.514613069005,BTCEUR,43767.68
1638703020,43736.3,43793.0,43736.3,43783.5,43772.8,1.18750835,22,2021-12-05 11:17:00,51993.271842225004,BTCEUR,43767.88
1638703080,43781.7,43781.7,43741.9,43745.4,43763.5,0.18338608,17,2021-12-05 11:18:00,8022.297424032001,BTCEUR,43767.84
1638703140,43757.6,43784.6,43757.6,43776.4,43776.1,1.15412859,23,2021-12-05 11:19:00,50523.594807276,BTCEUR,43767.94
1638703200,43776.3,43784.0,43775.7,43781.7,43782.0,0.14662663,10,2021-12-05 11:20:00,6419.563126671,BTCEUR,43767.96
1638703260,43777.0,43777.0,43761.9,43773.6,43765.5,7.21114442,36,2021-12-05 11:21:00,315657.751383312,BTCEUR,43768.35
1638703320,43775.5,43782.8,43739.9,43746.0,43757.9,6.34259366,30,2021-12-05 11:22:00,277463.10225036,BTCEUR,43767.06
1638703380,43738.1,43748.9,43722.4,43734.4,43729.6,8.40325323,76,2021-12-05 11:23:00,367511.23806211207,BTCEUR,43764.74
1638703440,43744.4,43766.4,43732.8,43755.2,43741.9,6.72102030,42,2021-12-05 11:24:00,294079.58743056,BTCEUR,43764.23
1638703500,43755.1,43755.1,43682.1,43682.1,43703.8,6.37792677,44,2021-12-05 11:25:00,278601.234959817,BTCEUR,43760.25
1638703560,43679.3,43698.5,43673.3,43698.5,43679.0,2.76048248,28,2021-12-05 11:26:00,120628.94365228,BTCEUR,43758.98
1638703620,43699.4,43699.4,43687.5,43697.7,43690.6,1.57134409,18,2021-12-05 11:27:00,68664.122641593,BTCEUR,43758.28
1638703680,43697.6,43709.4,43697.6,43709.4,43709.0,0.41505280,12,2021-12-05 11:28:00,18141.70885632,BTCEUR,43758.13
1638703740,43735.4,43768.5,43735.4,43746.1,43754.5,0.97845134,18,2021-12-05 11:29:00,42803.430164774,BTCEUR,43758.04
1638703800,43746.1,43746.1,43714.7,43714.7,43731.2,0.16737917,23,2021-12-05 11:30:00,7316.930202798999,BTCEUR,43757.99
1638703860,43717.9,43764.9,43717.9,43754.3,43742.7,1.09554290,23,2021-12-05 11:31:00,47934.712709470004,BTCEUR,43757.96
1638703920,43744.2,43760.6,43744.2,43760.6,43753.9,0.08362316,12,2021-12-05 11:32:00,3659.399655496,BTCEUR,43757.96
1638703980,43758.4,43760.7,43753.2,43756.5,43756.2,0.78145884,30,2021-12-05 11:33:00,34193.90373246,BTCEUR,43757.95
1638704040,43769.1,43769.9,43761.3,43761.4,43764.0,0.09727115,15,2021-12-05 11:34:00,4256.72170361,BTCEUR,43757.95
1638704100,43761.4,43761.4,43709.5,43714.5,43742.3,0.99428186,19,2021-12-05 11:35:00,43464.534368969995,BTCEUR,43757.65
1638704160,43712.8,43715.9,43639.4,43642.2,43669.7,4.88063945,64,2021-12-05 11:36:00,213001.84300479,BTCEUR,43753.78
1638704220,43642.2,43642.3,43608.3,43608.3,43632.0,0.13420242,28,2021-12-05 11:37:00,5852.339392086,BTCEUR,43753.64
1638704280,43621.7,43643.3,43617.1,43632.6,43637.9,1.69609656,25,2021-12-05 11:38:00,74005.10276385599,BTCEUR,43752.25
1638704340,43651.2,43651.2,43615.4,43615.4,43633.6,0.22123949,15,2021-12-05 11:39:00,9649.448852146,BTCEUR,43752.05
1638704400,43615.7,43618.2,43540.9,43540.9,43578.0,1.20670502,30,2021-12-05 11:40:00,52541.022605318,BTCEUR,43750.34
1638704460,43540.9,43591.9,43518.6,43575.0,43551.1,2.34422648,40,2021-12-05 11:41:00,102149.668866,BTCEUR,43747.62
1638704520,43569.1,43574.6,43535.9,43553.5,43548.6,0.71628326,28,2021-12-05 11:42:00,31196.64296441,BTCEUR,43746.71
1638704580,43574.3,43575.2,43533.1,43554.5,43552.9,1.39500781,29,2021-12-05 11:43:00,60758.867660645,BTCEUR,43744.96
1638704640,43569.4,43597.8,43551.6,43581.0,43574.0,0.79467073,24,2021-12-05 11:44:00,34632.54508413,BTCEUR,43744.12
1638704700,43570.1,43597.4,43565.9,43597.4,43582.6,1.40149015,30,2021-12-05 11:45:00,61101.32666561001,BTCEUR,43742.8
1638704760,43598.7,43598.7,43587.5,43587.5,43590.9,0.71030140,16,2021-12-05 11:46:00,30960.2622725,BTCEUR,43742.09
1638704820,43587.5,43587.5,43500.0,43500.0,43554.7,4.63030189,25,2021-12-05 11:47:00,201418.13221500002,BTCEUR,43735.15
1638704880,43485.6,43495.0,43485.5,43485.5,43488.9,0.17064072,10,2021-12-05 11:48:00,7420.39702956,BTCEUR,43734.88
1638704940,43480.4,43493.8,43452.8,43488.4,43472.4,0.22126615,19,2021-12-05 11:49:00,9622.51083766,BTCEUR,43734.55
1638705000,43500.8,43513.6,43465.9,43465.9,43499.7,1.02247755,14,2021-12-05 11:50:00,44442.90694054501,BTCEUR,43732.86
1638705060,43452.8,43493.4,43452.8,43475.5,43462.7,0.35378121,11,2021-12-05 11:51:00,15380.814995355,BTCEUR,43732.3
1638705120,43464.2,43480.5,43463.2,43479.9,43475.8,0.73871402,16,2021-12-05 11:52:00,32119.211718198,BTCEUR,43731.16
1638705180,43520.1,43535.5,43520.1,43525.3,43527.5,0.11292573,13,2021-12-05 11:53:00,4915.126275969001,BTCEUR,43731.02
1638705240,43525.4,43574.5,43525.4,43569.6,43543.6,0.60022075,23,2021-12-05 11:54:00,26151.3779892,BTCEUR,43730.43
1638705300,43569.7,43586.6,43569.7,43586.6,43585.2,0.60226677,29,2021-12-05 11:55:00,26250.760797281997,BTCEUR,43729.91
1638705360,43586.6,43623.8,43551.0,43560.8,43578.3,3.11305134,33,2021-12-05 11:56:00,135607.006811472,BTCEUR,43726.77
1638705420,43566.7,43572.3,43523.7,43523.8,43552.6,0.27703492,20,2021-12-05 11:57:00,12057.612451096002,BTCEUR,43726.44
1638705480,43548.6,43627.9,43548.6,43627.9,43585.3,0.15571250,12,2021-12-05 11:58:00,6793.4093787500005,BTCEUR,43726.35
1638705540,43627.9,43676.0,43611.7,43676.0,43621.2,1.68910416,16,2021-12-05 11:59:00,73773.31329216,BTCEUR,43725.85
1638705600,43657.6,43690.0,43649.0,43668.2,43670.6,0.34092493,26,2021-12-05 12:00:00,14887.578028226,BTCEUR,43725.73
1638705660,43673.2,43741.6,43673.2,43698.6,43727.7,0.51509009,14,2021-12-05 12:01:00,22508.715806873995,BTCEUR,43725.65
1638705720,43697.7,43697.7,43679.2,43696.7,43687.4,0.61084114,11,2021-12-05 12:02:00,26691.742042238,BTCEUR,43725.55
1638705780,43701.7,43701.7,43601.5,43638.5,43654.2,0.98993173,28,2021-12-05 12:03:00,43199.135799605,BTCEUR,43725.05
1638705840,43630.9,43638.4,43606.3,43606.3,43635.5,0.04847289,8,2021-12-05 12:04:00,2113.723383207,BTCEUR,43725.01
1638705900,43611.6,43624.1,43606.6,43606.6,43616.9,0.42185527,16,2021-12-05 12:05:00,18395.674016782,BTCEUR,43724.72
1638705960,43600.0,43600.0,43551.3,43553.1,43554.2,2.86725218,27,2021-12-05 12:06:00,124877.72092075799,BTCEUR,43721.93
1638706020,43564.9,43617.9,43547.4,43617.9,43583.2,1.93370967,19,2021-12-05 12:07:00,84344.35501509301,BTCEUR,43720.8
1638706080,43622.3,43669.3,43620.2,43632.4,43654.2,1.41987521,24,2021-12-05 12:08:00,61952.563112804004,BTCEUR,43720.1
1638706140,43648.8,43648.8,43600.0,43616.5,43646.1,1.20320827,16,2021-12-05 12:09:00,52479.733508455,BTCEUR,43719.4
1638706200,43646.6,43717.2,43640.6,43715.1,43670.1,1.30089733,21,2021-12-05 12:10:00,56868.856870683,BTCEUR,43719.37
1638706260,43716.0,43766.1,43700.0,43766.1,43732.4,3.38220829,33,2021-12-05 12:11:00,148026.066240969,BTCEUR,43720.23
1638706320,43766.6,43778.6,43747.1,43749.2,43765.2,1.90379078,22,2021-12-05 12:12:00,83289.323592376,BTCEUR,43720.53
1638706380,43761.7,43762.0,43715.4,43718.9,43747.7,1.88665003,25,2021-12-05 12:13:00,82482.263996567,BTCEUR,43720.51
1638706440,43764.1,43814.5,43753.0,43814.5,43771.9,2.00771445,23,2021-12-05 12:14:00,87967.004769525,BTCEUR,43721.5
1638706500,43811.6,43811.6,43734.6,43776.6,43777.9,1.52297471,22,2021-12-05 12:15:00,66670.654689786,BTCEUR,43721.94
1638706560,43766.9,43780.0,43756.6,43777.0,43764.5,0.70853072,27,2021-12-05 12:16:00,31017.349329439996,BTCEUR,43722.14
1638706620,43771.5,43780.0,43771.5,43775.3,43772.4,2.46230035,18,2021-12-05 12:17:00,107787.936511355,BTCEUR,43722.82
1638706680,43779.6,43780.0,43779.6,43780.0,43779.9,4.59101421,21,2021-12-05 12:18:00,200994.6021138,BTCEUR,43724.13
1638706740,43783.9,43801.8,43783.9,43796.4,43794.0,3.19048672,26,2021-12-05 12:19:00,139731.832583808,BTCEUR,43725.27
1638706800,43795.2,43811.3,43795.2,43805.9,43800.2,2.35753977,20,2021-12-05 12:20:00,103274.151410643,BTCEUR,43726.2
1638706860,43820.9,43881.9,43819.7,43881.9,43863.5,5.03994204,29,2021-12-05 12:21:00,221162.232605076,BTCEUR,43729.94
1638706920,43891.4,43987.0,43891.4,43987.0,43949.0,1.92455946,47,2021-12-05 12:22:00,84655.59696702,BTCEUR,43732.29
1638706980,43999.5,44050.7,43999.5,44006.8,44026.2,1.20078409,46,2021-12-05 12:23:00,52842.665291812,BTCEUR,43733.84
1638707040,44002.9,44038.5,43993.6,44032.4,44005.4,4.71218482,38,2021-12-05 12:24:00,207488.806868168,BTCEUR,43740.34
1638707100,44005.2,44044.7,44005.1,44033.1,44012.8,0.15179114,22,2021-12-05 12:25:00,6683.834446733999,BTCEUR,43740.54
1638707160,44028.6,44032.0,43945.5,43945.5,44028.7,4.98074485,37,2021-12-05 12:26:00,218881.32280567498,BTCEUR,43745.14
1638707220,43954.8,43954.8,43947.4,43951.9,43948.5,0.38590342,10,2021-12-05 12:27:00,16961.188525498,BTCEUR,43745.5
1638707280,43948.6,43948.6,43889.1,43925.0,43941.3,4.42529461,29,2021-12-05 12:28:00,194381.06574425,BTCEUR,43748.99
1638707340,43925.0,43925.0,43898.0,43900.5,43910.5,1.33734268,17,2021-12-05 12:29:00,58710.01232333999,BTCEUR,43749.88
1638707400,43900.2,43900.2,43824.2,43824.3,43846.8,1.56069533,36,2021-12-05 12:30:00,68396.380350519,BTCEUR,43750.38
1638707460,43825.2,43880.5,43825.2,43862.8,43861.0,2.27388205,26,2021-12-05 12:31:00,99738.83358274002,BTCEUR,43751.48
1638707520,43860.6,43900.6,43860.6,43900.6,43876.6,1.66846070,14,2021-12-05 12:32:00,73246.42580642,BTCEUR,43752.55
1638707580,43900.7,43920.0,43900.6,43912.7,43910.2,2.36590572,20,2021-12-05 12:33:00,103893.30811064401,BTCEUR,43754.15
1638707640,43920.0,43933.3,43919.9,43933.2,43923.1,1.13532185,29,2021-12-05 12:34:00,49878.32190041999,BTCEUR,43755.01
1638707700,43933.4,44025.3,43933.4,43969.6,44007.9,3.56284379,32,2021-12-05 12:35:00,156656.816308784,BTCEUR,43758.18
1638707760,43955.3,44006.7,43955.2,44006.7,43976.5,3.33177977,26,2021-12-05 12:36:00,146620.632804459,BTCEUR,43761.58
1638707820,44020.8,44020.8,43976.3,44005.3,44006.4,1.96178565,31,2021-12-05 12:37:00,86328.966063945,BTCEUR,43763.52
1638707880,44001.0,44001.0,43951.6,43957.3,43992.3,4.24768339,29,2021-12-05 12:38:00,186716.693079247,BTCEUR,43766.81
1638707940,43943.1,43958.8,43938.2,43949.7,43950.4,3.61302709,16,2021-12-05 12:39:00,158791.45669737298,BTCEUR,43769.41
1638708000,43960.6,43969.5,43943.7,43969.5,43962.0,1.65096042,17,2021-12-05 12:40:00,72591.90418719,BTCEUR,43770.7
1638708060,43969.6,43996.4,43969.6,43996.4,43986.7,3.70910458,19,2021-12-05 12:41:00,163187.248743512,BTCEUR,43773.93
1638708120,44005.4,44005.4,43932.6,43946.0,43973.8,4.75805121,42,2021-12-05 12:42:00,209097.31847466,BTCEUR,43777.03
1638708180,43937.3,43948.1,43903.1,43936.0,43939.5,3.25704852,31,2021-12-05 12:43:00,143101.68377472,BTCEUR,43778.97
1638708240,43930.8,43930.9,43921.9,43922.1,43922.2,1.93038571,16,2021-12-05 12:44:00,84786.59419319099,BTCEUR,43779.99
1638708300,43897.9,43897.9,43807.7,43832.2,43846.8,0.41314781,18,2021-12-05 12:45:00,18109.177437481998,BTCEUR,43780.07
1638708360,43832.3,43832.3,43825.0,43832.3,43829.6,0.13696894,11,2021-12-05 12:46:00,6003.663668762001,BTCEUR,43780.1
1638708420,43827.6,43832.3,43823.9,43832.1,43830.6,0.51449694,16,2021-12-05 12:47:00,22551.481323773998,BTCEUR,43780.2
1638708480,43832.3,43832.3,43823.8,43832.3,43832.0,0.03388675,11,2021-12-05 12:48:00,1485.3341920250002,BTCEUR,43780.2
1638708540,43832.3,43832.3,43832.0,43832.3,43832.2,0.09762825,14,2021-12-05 12:49:00,4279.270742475001,BTCEUR,43780.22
1638708600,43831.9,43832.3,43783.7,43783.8,43828.1,0.55751885,23,2021-12-05 12:50:00,24410.293824630004,BTCEUR,43780.23
1638708660,43783.8,43813.0,43783.8,43813.0,43802.3,0.30131690,18,2021-12-05 12:51:00,13201.5973397,BTCEUR,43780.27
1638708720,43812.9,43813.0,43812.9,43813.0,43812.9,0.56603457,13,2021-12-05 12:52:00,24799.67261541,BTCEUR,43780.33
1638708780,43813.0,43813.0,43812.9,43813.0,43812.9,1.56770670,9,2021-12-05 12:53:00,68685.9336471,BTCEUR,43780.52
1638708840,43812.9,43813.0,43812.9,43813.0,43812.9,0.10257602,14,2021-12-05 12:54:00,4494.1631642600005,BTCEUR,43780.53
1638708900,43812.9,43813.0,43812.8,43812.8,43812.9,2.26448209,26,2021-12-05 12:55:00,99213.300912752,BTCEUR,43780.8
1638708960,43783.9,43783.9,43745.3,43747.9,43767.8,0.20951482,16,2021-12-05 12:56:00,9165.833393878,BTCEUR,43780.77
1638709020,43747.9,43779.9,43747.9,43755.1,43750.4,0.41955562,15,2021-12-05 12:57:00,18357.698108662,BTCEUR,43780.73
1638709080,43747.9,43759.3,43721.0,43759.3,43731.0,2.56295973,30,2021-12-05 12:58:00,112153.32371298902,BTCEUR,43780.54
1638709140,43761.8,43775.0,43761.8,43775.0,43773.9,0.15493752,14,2021-12-05 12:59:00,6782.389937999999,BTCEUR,43780.54
1638709200,43775.0,43775.0,43742.0,43755.7,43771.5,0.03314611,12,2021-12-05 13:00:00,1450.3312453269998,BTCEUR,43780.53
1638709260,43758.4,43778.9,43756.7,43767.8,43762.3,0.22114192,20,2021-12-05 13:01:00,9678.895326176,BTCEUR,43780.52
1638709320,43773.2,43774.7,43731.3,43731.3,43743.3,0.07511826,17,2021-12-05 13:02:00,3285.0191635380006,BTCEUR,43780.51
1638709380,43731.2,43731.3,43650.1,43650.1,43698.4,0.25287510,29,2021-12-05 13:03:00,11038.02340251,BTCEUR,43780.39
1638709440,43654.1,43666.0,43654.1,43666.0,43661.2,0.08557916,10,2021-12-05 13:04:00,3736.89960056,BTCEUR,43780.36
1638709500,43665.9,43666.0,43658.3,43658.3,43663.6,0.05997343,15,2021-12-05 13:05:00,2618.337998969,BTCEUR,43780.33
1638709560,43658.3,43666.0,43650.0,43666.0,43663.6,1.17007213,16,2021-12-05 13:06:00,51092.36962858,BTCEUR,43779.86
1638709620,43666.0,43666.0,43665.9,43666.0,43665.9,0.20129619,11,2021-12-05 13:07:00,8789.799432540001,BTCEUR,43779.78
1638709680,43666.0,43684.9,43666.0,43684.9,43674.7,0.28925650,20,2021-12-05 13:08:00,12636.141276850001,BTCEUR,43779.68
1638709740,43684.8,43684.9,43684.8,43684.8,43684.8,0.48469056,16,2021-12-05 13:09:00,21173.610175488,BTCEUR,43779.52
1638709800,43684.9,43747.6,43684.9,43746.6,43723.9,0.60387576,13,2021-12-05 13:10:00,26417.511322415998,BTCEUR,43779.45
1638709860,43744.2,43744.2,43721.5,43733.5,43729.8,0.44572256,17,2021-12-05 13:11:00,19493.00757776,BTCEUR,43779.38
1638709920,43723.5,43723.5,43683.1,43709.5,43694.8,1.28519382,27,2021-12-05 13:12:00,56175.17927529,BTCEUR,43779.06
1638709980,43700.9,43700.9,43678.9,43685.9,43686.9,0.08029986,11,2021-12-05 13:13:00,3507.971653974,BTCEUR,43779.04
1638710040,43707.2,43707.3,43707.1,43707.3,43707.2,0.22573491,15,2021-12-05 13:14:00,9866.263431843001,BTCEUR,43778.98
1638710100,43707.3,43743.9,43707.2,43741.8,43707.9,0.38743244,15,2021-12-05 13:15:00,16946.992303992,BTCEUR,43778.93
1638710160,43741.8,43741.9,43741.3,43741.3,43741.8,0.78107416,14,2021-12-05 13:16:00,34165.199154808004,BTCEUR,43778.83
1638710220,43707.2,43707.2,43689.8,43695.5,43697.6,0.16345862,15,2021-12-05 13:17:00,7142.40613021,BTCEUR,43778.78
1638710280,43695.6,43702.1,43665.0,43677.1,43678.4,0.33984616,17,2021-12-05 13:18:00,14843.494714936,BTCEUR,43778.66
1638710340,43669.1,43677.8,43666.1,43676.8,43675.7,0.85205203,18,2021-12-05 13:19:00,37214.906103904,BTCEUR,43778.36
1638710400,43683.7,43683.7,43651.7,43656.1,43665.1,2.33186342,25,2021-12-05 13:20:00,101800.062649862,BTCEUR,43777.38
1638710460,43650.0,43650.0,43615.1,43627.4,43633.4,0.99795160,20,2021-12-05 13:21:00,43538.03363384,BTCEUR,43776.87
1638710520,43627.0,43638.1,43627.0,43629.4,43637.0,0.28591094,8,2021-12-05 13:22:00,12474.122765636,BTCEUR,43776.73
1638710580,43625.7,43649.7,43621.6,43635.5,43627.1,0.27438127,17,2021-12-05 13:23:00,11972.763907085,BTCEUR,43776.59
1638710640,43630.0,43636.0,43620.7,43627.6,43629.2,0.78168989,19,2021-12-05 13:24:00,34103.253844964,BTCEUR,43776.2
1638710700,43627.6,43627.6,43627.5,43627.6,43627.5,0.03699376,9,2021-12-05 13:25:00,1613.948963776,BTCEUR,43776.18
1638710760,43627.5,43657.7,43626.0,43626.0,43635.0,1.06360440,19,2021-12-05 13:26:00,46400.8055544,BTCEUR,43775.64
1638710820,43635.1,43635.1,43628.2,43628.2,43631.1,0.49272518,14,2021-12-05 13:27:00,21496.712698075997,BTCEUR,43775.39
1638710880,43628.1,43651.4,43615.6,43637.7,43634.0,0.12294752,23,2021-12-05 13:28:00,5365.1469935039995,BTCEUR,43775.33
1638710940,43631.1,43631.1,43622.9,43622.9,43628.9,0.22080909,16,2021-12-05 13:29:00,9632.332852161,BTCEUR,43775.22
1638711000,43620.3,43620.3,43616.3,43616.3,43616.3,1.82672033,24,2021-12-05 13:30:00,79674.781929379,BTCEUR,43774.25
1638711060,43616.4,43653.8,43616.3,43653.8,43618.7,0.86651857,29,2021-12-05 13:31:00,37826.828351066004,BTCEUR,43773.9
1638711120,43653.8,43662.0,43643.7,43662.0,43650.9,0.28345946,15,2021-12-05 13:32:00,12376.40694252,BTCEUR,43773.79
1638711180,43662.0,43689.1,43656.1,43689.1,43670.2,0.19987877,18,2021-12-05 13:33:00,8732.523570407,BTCEUR,43773.73
1638711240,43702.7,43763.1,43676.6,43762.9,43702.9,0.60433125,14,2021-12-05 13:34:00,26447.288060625,BTCEUR,43773.71
1638711300,43776.5,43778.5,43751.7,43759.7,43761.3,0.34955436,23,2021-12-05 13:35:00,15296.393927292,BTCEUR,43773.7
1638711360,43768.4,43775.2,43761.0,43775.2,43767.2,0.41988087,21,2021-12-05 13:36:00,18380.369060424,BTCEUR,43773.7
1638711420,43786.8,43786.8,43773.6,43785.4,43784.1,0.13362304,11,2021-12-05 13:37:00,5850.738255616,BTCEUR,43773.7
1638711480,43780.4,43790.0,43768.5,43789.9,43780.1,0.36129255,15,2021-12-05 13:38:00,15820.964635245,BTCEUR,43773.72
1638711540,43790.0,43790.0,43751.8,43751.9,43771.1,0.96297862,19,2021-12-05 13:39:00,42132.144284378,BTCEUR,43773.65
1638711600,43751.9,43751.9,43751.8,43751.9,43751.8,0.11723319,8,2021-12-05 13:40:00,5129.1748055610005,BTCEUR,43773.64
1638711660,43758.7,43758.7,43751.9,43751.9,43757.9,0.09537031,6,2021-12-05 13:41:00,4172.632266089,BTCEUR,43773.64
1638711720,43751.9,43790.0,43751.8,43790.0,43781.8,1.04801022,14,2021-12-05 13:42:00,45892.3675338,BTCEUR,43773.69
1638711780,43790.0,43790.0,43780.5,43789.9,43783.6,0.44675811,12,2021-12-05 13:43:00,19563.492961089,BTCEUR,43773.72
1638711840,43790.0,43790.0,43789.9,43790.0,43789.9,0.25303466,20,2021-12-05 13:44:00,11080.387761400001,BTCEUR,43773.73
1638711900,43790.0,43790.0,43777.2,43777.2,43787.7,0.34833349,16,2021-12-05 13:45:00,15249.064858428,BTCEUR,43773.74
1638711960,43768.9,43790.0,43761.3,43789.8,43784.1,0.63792489,25,2021-12-05 13:46:00,27934.603348122,BTCEUR,43773.77
1638712020,43789.8,43790.0,43782.9,43787.3,43786.3,0.91441955,21,2021-12-05 13:47:00,40039.963161715,BTCEUR,43773.81
1638712080,43789.9,43790.0,43764.6,43790.0,43772.4,0.14474411,16,2021-12-05 13:48:00,6338.3445769,BTCEUR,43773.82
1638712140,43790.0,43790.0,43789.9,43790.0,43789.9,0.15007507,14,2021-12-05 13:49:00,6571.7873153,BTCEUR,43773.83
1638712200,43818.1,43820.0,43813.5,43820.0,43818.3,0.24002394,16,2021-12-05 13:50:00,10517.8490508,BTCEUR,43773.86
1638712260,43820.0,43820.0,43819.9,43819.9,43819.9,0.17345263,22,2021-12-05 13:51:00,7600.676901337,BTCEUR,43773.89
1638712320,43819.9,43838.2,43813.7,43824.9,43831.7,1.17269284,18,2021-12-05 13:52:00,51393.146443716,BTCEUR,43774.08
1638712380,43824.9,43842.0,43824.0,43842.0,43826.1,0.25133745,10,2021-12-05 13:53:00,11019.136482900001,BTCEUR,43774.14
1638712440,43843.7,43843.7,43839.0,43839.1,43839.2,0.15987813,12,2021-12-05 13:54:00,7008.913328883,BTCEUR,43774.17
1638712500,43839.0,43839.1,43839.0,43839.1,43839.0,1.89927338,63,2021-12-05 13:55:00,83262.43563315799,BTCEUR,43774.57
1638712560,43839.0,43839.1,43795.3,43795.3,43834.2,1.06905096,27,2021-12-05 13:56:00,46819.407508488,BTCEUR,43774.64
1638712620,43795.3,43802.5,43795.3,43795.4,43795.6,0.70640773,17,2021-12-05 13:57:00,30937.409098442,BTCEUR,43774.69
1638712680,43799.2,43799.2,43795.3,43795.3,43796.1,0.68175626,18,2021-12-05 13:58:00,29857.719933578002,BTCEUR,43774.74
1638712740,43795.3,43795.4,43751.8,43751.9,43790.7,0.78761293,33,2021-12-05 13:59:00,34459.562152067,BTCEUR,43774.68
1638712800,43751.8,43781.8,43751.8,43751.8,43755.9,0.19397366,18,2021-12-05 14:00:00,8486.696777588,BTCEUR,43774.66
1638712860,43751.9,43771.6,43751.8,43751.8,43751.9,2.12878159,21,2021-12-05 14:01:00,93138.026369362,BTCEUR,43774.51
1638712920,43751.8,43751.9,43707.2,43708.9,43742.7,1.03062311,29,2021-12-05 14:02:00,45047.402452679,BTCEUR,43774.3
1638712980,43708.5,43708.5,43500.0,43518.6,43610.3,3.64337819,83,2021-12-05 14:03:00,158554.718099334,BTCEUR,43771.39
1638713040,43520.4,43573.2,43454.8,43462.0,43504.6,1.65462464,52,2021-12-05 14:04:00,71913.29610368,BTCEUR,43769.81
1638713100,43489.4,43528.0,43489.4,43521.0,43520.7,0.17319297,22,2021-12-05 14:05:00,7537.53124737,BTCEUR,43769.68
1638713160,43520.9,43521.0,43463.0,43505.0,43504.9,2.25142712,31,2021-12-05 14:06:00,97948.33685559999,BTCEUR,43767.84
1638713220,43526.1,43550.0,43526.0,43550.0,43542.8,0.69472463,20,2021-12-05 14:07:00,30255.2576365,BTCEUR,43767.38
1638713280,43579.8,43580.3,43548.8,43567.6,43573.3,0.78049486,21,2021-12-05 14:08:00,34004.287862536,BTCEUR,43766.9
1638713340,43564.2,43564.2,43450.0,43513.7,43471.4,1.83455566,41,2021-12-05 14:09:00,79828.304622542,BTCEUR,43765.49
1638713400,43511.7,43511.7,43430.0,43430.0,43470.3,4.67421501,45,2021-12-05 14:10:00,203001.15788430002,BTCEUR,43760.79
1638713460,43422.2,43442.4,43350.1,43379.9,43383.4,1.23606440,65,2021-12-05 14:11:00,53620.35006556001,BTCEUR,43759.39
1638713520,43379.8,43379.8,43268.5,43334.7,43302.9,5.21964218,63,2021-12-05 14:12:00,226191.62797764599,BTCEUR,43752.89
1638713580,43320.0,43373.3,43290.6,43362.7,43323.0,1.70344624,37,2021-12-05 14:13:00,73866.028271248,BTCEUR,43750.95
1638713640,43362.7,43434.8,43362.6,43424.9,43368.8,4.17765713,42,2021-12-05 14:14:00,181414.343104537,BTCEUR,43747.01
1638713700,43381.3,43532.3,43300.0,43454.4,43321.8,12.96550401,59,2021-12-05 14:15:00,563408.197452144,BTCEUR,43736.44
1638713760,43453.9,43479.4,43405.8,43459.8,43427.7,1.76639780,32,2021-12-05 14:16:00,76767.29510844001,BTCEUR,43735.09
1638713820,43453.4,43453.5,43428.4,43437.9,43439.6,0.19633313,17,2021-12-05 14:17:00,8528.298867627,BTCEUR,43734.92
1638713880,43415.3,43435.5,43320.4,43320.4,43400.0,7.19929299,44,2021-12-05 14:18:00,311876.252043996,BTCEUR,43726.84
1638713940,43346.1,43389.3,43345.4,43372.0,43364.6,0.40853998,20,2021-12-05 14:19:00,17719.19601256,BTCEUR,43726.45
1638714000,43373.1,43472.9,43366.4,43418.1,43411.6,3.83087206,34,2021-12-05 14:20:00,166329.186188286,BTCEUR,43723.28
1638714060,43423.1,43438.1,43375.5,43413.2,43400.9,2.00242258,30,2021-12-05 14:21:00,86931.57195005601,BTCEUR,43721.62
1638714120,43413.1,43467.7,43413.1,43432.8,43427.6,0.38133173,27,2021-12-05 14:22:00,16562.304762744,BTCEUR,43721.33
1638714180,43432.8,43497.3,43432.8,43497.3,43451.9,0.07840571,11,2021-12-05 14:23:00,3410.4366895830003,BTCEUR,43721.28
1638714240,43493.6,43527.0,43493.6,43520.1,43518.2,0.21838056,19,2021-12-05 14:24:00,9503.943809256,BTCEUR,43721.16
1638714300,43520.0,43520.1,43520.0,43520.1,43520.0,0.13447703,11,2021-12-05 14:25:00,5852.453793303,BTCEUR,43721.09
1638714360,43520.0,43604.5,43520.0,43604.5,43541.4,0.53823152,23,2021-12-05 14:26:00,23469.316313839998,BTCEUR,43720.92
1638714420,43584.6,43584.6,43531.5,43531.5,43539.8,0.53634769,15,2021-12-05 14:27:00,23348.019467235,BTCEUR,43720.65
1638714480,43531.4,43531.4,43408.6,43433.0,43482.8,0.67664995,30,2021-12-05 14:28:00,29388.937278349997,BTCEUR,43720.14
1638714540,43441.7,43442.9,43433.1,43439.4,43441.6,1.43611607,23,2021-12-05 14:29:00,62384.020411158,BTCEUR,43719.07
1638714600,43433.0,43504.2,43433.0,43487.0,43451.6,0.13146754,11,2021-12-05 14:30:00,5717.128911979999,BTCEUR,43718.99
1638714660,43487.0,43533.1,43486.9,43531.9,43510.9,1.78376761,25,2021-12-05 14:31:00,77650.793221759,BTCEUR,43718.11
1638714720,43531.9,43531.9,43442.9,43458.2,43475.1,0.40304418,19,2021-12-05 14:32:00,17515.574583275997,BTCEUR,43717.84
1638714780,43458.6,43486.4,43458.6,43463.6,43464.7,1.94654313,30,2021-12-05 14:33:00,84603.771985068,BTCEUR,43716.54
1638714840,43445.2,43446.7,43391.6,43402.0,43420.6,0.36462218,23,2021-12-05 14:34:00,15825.33185636,BTCEUR,43716.24
1638714900,43387.2,43431.5,43387.2,43424.1,43395.5,1.53918951,12,2021-12-05 14:35:00,66837.91920119099,BTCEUR,43715.07
1638714960,43410.5,43410.6,43368.8,43372.3,43378.8,0.33814692,18,2021-12-05 14:36:00,14666.209658316002,BTCEUR,43714.77
1638715020,43366.3,43424.3,43366.2,43403.5,43378.4,0.50163077,21,2021-12-05 14:37:00,21772.531125695,BTCEUR,43714.37
1638715080,43397.9,43400.8,43371.4,43391.9,43380.0,0.53389694,21,2021-12-05 14:38:00,23166.802630786002,BTCEUR,43713.92
1638715140,43398.1,43423.5,43386.1,43421.0,43393.9,1.18434580,22,2021-12-05 14:39:00,51425.4789818,BTCEUR,43713.03
1638715200,43432.6,43473.1,43432.6,43473.1,43454.9,0.05541323,8,2021-12-05 14:40:00,2408.984889113,BTCEUR,43712.99
1638715260,43477.3,43499.9,43476.6,43492.3,43489.8,0.38429478,21,2021-12-05 14:41:00,16713.863860194,BTCEUR,43712.77
1638715320,43492.3,43492.3,43442.6,43477.9,43459.8,0.31194169,17,2021-12-05 14:42:00,13562.569603651,BTCEUR,43712.58
1638715380,43490.0,43569.7,43481.8,43523.6,43506.3,0.47298740,24,2021-12-05 14:43:00,20586.11440264,BTCEUR,43712.35
1638715440,43516.1,43519.2,43470.9,43507.5,43507.0,0.19717494,16,2021-12-05 14:44:00,8578.58870205,BTCEUR,43712.25
1638715500,43489.2,43519.9,43426.4,43519.8,43478.3,1.22435167,30,2021-12-05 14:45:00,53283.539808066,BTCEUR,43711.64
1638715560,43525.0,43571.6,43525.0,43545.0,43548.3,0.49341105,20,2021-12-05 14:46:00,21485.58417225,BTCEUR,43711.43
1638715620,43558.0,43558.0,43486.6,43502.3,43519.5,0.46941339,23,2021-12-05 14:47:00,20420.562115797,BTCEUR,43711.18
1638715680,43519.9,43558.5,43519.1,43558.5,43544.3,0.93115510,25,2021-12-05 14:48:00,40559.71942335,BTCEUR,43710.82
1638715740,43558.5,43564.0,43530.4,43538.5,43553.0,0.18791948,19,2021-12-05 14:49:00,8181.73227998,BTCEUR,43710.73
1638715800,43551.8,43566.2,43536.2,43536.2,43553.8,0.56833540,20,2021-12-05 14:50:00,24743.16364148,BTCEUR,43710.48
1638715860,43534.7,43534.7,43519.0,43519.0,43524.6,0.42000699,21,2021-12-05 14:51:00,18278.28419781,BTCEUR,43710.28
1638715920,43520.4,43573.7,43520.4,43535.2,43548.9,0.23730799,14,2021-12-05 14:52:00,10331.250806248,BTCEUR,43710.17
1638715980,43534.6,43544.4,43534.6,43544.4,43541.7,0.05094420,10,2021-12-05 14:53:00,2218.3346224800002,BTCEUR,43710.15
1638716040,43544.4,43544.4,43520.8,43526.9,43528.1,0.13923123,17,2021-12-05 14:54:00,6060.303825087,BTCEUR,43710.08
1638716100,43520.1,43520.1,43439.0,43456.3,43484.2,0.41271430,35,2021-12-05 14:55:00,17935.03643509,BTCEUR,43709.82
1638716160,43455.9,43456.0,43429.0,43429.0,43440.3,0.37515523,13,2021-12-05 14:56:00,16292.61648367,BTCEUR,43709.55
1638716220,43438.9,43439.0,43405.4,43411.4,43423.5,0.24746564,16,2021-12-05 14:57:00,10742.829884296,BTCEUR,43709.36
1638716280,43405.2,43456.0,43400.1,43456.0,43444.6,2.08161846,28,2021-12-05 14:58:00,90458.81179776,BTCEUR,43708.03
1638716340,43455.9,43455.9,43400.0,43402.7,43407.5,2.03715186,17,2021-12-05 14:59:00,88417.89103402199,BTCEUR,43706.47
1638716400,43400.1,43451.4,43385.0,43451.4,43423.9,1.95755070,28,2021-12-05 15:00:00,85058.31848598001,BTCEUR,43705.23
1638716460,43440.6,43450.2,43409.4,43430.5,43439.4,1.27714708,30,2021-12-05 15:01:00,55467.13625794,BTCEUR,43704.35
1638716520,43429.4,43535.3,43429.4,43473.8,43465.1,9.68434806,60,2021-12-05 15:02:00,421015.410690828,BTCEUR,43698.92
1638716580,43473.9,43473.9,43389.6,43393.6,43426.5,3.00939652,46,2021-12-05 15:03:00,130588.548830272,BTCEUR,43696.71
1638716640,43387.5,43405.3,43386.4,43386.5,43386.8,2.00673915,22,2021-12-05 15:04:00,87065.388131475,BTCEUR,43695.21
1638716700,43386.6,43401.9,43386.5,43400.3,43387.1,1.21591430,25,2021-12-05 15:05:00,52771.04539429,BTCEUR,43694.35
1638716760,43409.6,43410.3,43385.0,43385.0,43385.8,4.08409656,36,2021-12-05 15:06:00,177188.5292556,BTCEUR,43691.36
1638716820,43370.1,43370.1,43154.0,43163.7,43215.7,5.25259641,110,2021-12-05 15:07:00,226721.49566231697,BTCEUR,43684.91
1638716880,43153.9,43153.9,43059.0,43100.2,43098.0,13.04287305,123,2021-12-05 15:08:00,562150.43702961,BTCEUR,43667.71
1638716940,43099.1,43131.7,43080.5,43127.5,43100.0,8.03304024,49,2021-12-05 15:09:00,346444.9429506,BTCEUR,43658.09
1638717000,43127.5,43131.8,43078.9,43128.3,43095.6,3.49575144,63,2021-12-05 15:10:00,150765.816829752,BTCEUR,43654.01
1638717060,43137.1,43239.1,43132.0,43168.5,43211.1,8.40415046,64,2021-12-05 15:11:00,362794.56913251,BTCEUR,43645.19
1638717120,43172.3,43172.3,43109.1,43121.8,43132.7,1.15694136,29,2021-12-05 15:12:00,49889.393937648005,BTCEUR,43643.89
1638717180,43109.4,43110.3,43045.1,43106.9,43088.6,0.44951532,24,2021-12-05 15:13:00,19377.211947708,BTCEUR,43643.37
1638717240,43093.9,43125.0,43049.8,43050.3,43082.5,0.98422231,39,2021-12-05 15:14:00,42371.065712193005,BTCEUR,43642.12
1638717300,43056.8,43121.9,43049.8,43078.3,43063.6,1.72853083,27,2021-12-05 15:15:00,74462.169653989,BTCEUR,43640.03
1638717360,43076.4,43076.4,43001.1,43020.0,43030.8,1.30983610,29,2021-12-05 15:16:00,56349.149022000005,BTCEUR,43638.3
1638717420,43004.9,43079.3,43000.0,43000.0,43016.6,6.57621157,86,2021-12-05 15:17:00,282777.09751,BTCEUR,43629.5
1638717480,43000.1,43010.1,42942.9,42943.4,42973.0,2.59093630,58,2021-12-05 15:18:00,111263.61390542,BTCEUR,43625.79
1638717540,42936.7,42973.7,42900.0,42968.3,42931.8,2.94696867,60,2021-12-05 15:19:00,126626.233903161,BTCEUR,43621.77
1638717600,42961.9,43058.7,42961.1,42961.1,42988.5,2.55487046,30,2021-12-05 15:20:00,109760.045319106,BTCEUR,43618.3
1638717660,42990.1,42990.1,42900.1,42930.9,42935.3,0.93905180,33,2021-12-05 15:21:00,40314.33892062,BTCEUR,43616.97
1638717720,42930.9,43039.1,42925.7,43006.5,43001.2,1.19382370,22,2021-12-05 15:22:00,51342.17895405,BTCEUR,43615.47
1638717780,43013.7,43100.0,42996.2,43100.0,43066.5,0.52227979,29,2021-12-05 15:23:00,22510.258949,BTCEUR,43614.92
1638717840,43100.0,43107.3,43063.0,43081.3,43091.9,0.81139236,28,2021-12-05 15:24:00,34955.837678868,BTCEUR,43614.03
1638717900,43080.0,43085.0,43001.8,43085.0,43023.3,0.55407941,20,2021-12-05 15:25:00,23872.511379850002,BTCEUR,43613.43
1638717960,43084.9,43097.1,43065.5,43065.5,43074.9,0.30816272,15,2021-12-05 15:26:00,13271.18161816,BTCEUR,43613.08
1638718020,43066.1,43075.1,43042.5,43052.2,43045.8,0.33425884,12,2021-12-05 15:27:00,14390.578431447999,BTCEUR,43612.7
1638718080,43047.7,43074.3,42980.7,42999.9,43012.8,0.96529863,21,2021-12-05 15:28:00,41507.744560137005,BTCEUR,43611.49
1638718140,43000.0,43000.0,42946.6,42946.6,42979.6,1.19214604,27,2021-12-05 15:29:00,51198.61912146399,BTCEUR,43609.88
1638718200,42954.0,42957.6,42931.0,42931.0,42933.9,0.35416551,14,2021-12-05 15:30:00,15204.679509810001,BTCEUR,43609.39
1638718260,42931.1,42931.1,42643.6,42650.0,42812.9,14.98856947,160,2021-12-05 15:31:00,639262.4878955,BTCEUR,43581.24
1638718320,42649.9,42787.1,42649.9,42720.5,42714.0,6.74038215,99,2021-12-05 15:32:00,287952.495639075,BTCEUR,43570.02
1638718380,42710.4,42761.8,42665.2,42677.8,42703.0,2.86545986,41,2021-12-05 15:33:00,122291.52281310801,BTCEUR,43565.1
1638718440,42670.5,42707.9,42611.6,42693.3,42666.4,1.59290891,57,2021-12-05 15:34:00,68006.53796730301,BTCEUR,43562.44
1638718500,42671.6,42671.6,42422.7,42481.9,42556.7,13.41730162,177,2021-12-05 15:35:00,569992.465690678,BTCEUR,43535.47
1638718560,42443.1,42511.4,42167.0,42418.4,42273.1,42.18609184,251,2021-12-05 15:36:00,1789466.5181058561,BTCEUR,43454.29
1638718620,42404.3,42471.9,42367.5,42445.0,42443.5,5.12364654,49,2021-12-05 15:37:00,217473.1773903,BTCEUR,43445.46
1638718680,42445.5,42559.1,42445.5,42504.5,42531.6,6.66521296,61,2021-12-05 15:38:00,283301.54425832,BTCEUR,43434.85
1638718740,42491.8,42498.7,42364.8,42450.0,42436.1,9.26370222,70,2021-12-05 15:39:00,393244.15923900006,BTCEUR,43419.67
1638718800,42450.0,42564.0,42449.3,42524.9,42511.6,5.77842989,51,2021-12-05 15:40:00,245727.15322926102,BTCEUR,43411.14
1638718860,42513.7,42565.8,42510.0,42552.1,42543.2,4.15250133,56,2021-12-05 15:41:00,176697.651844293,BTCEUR,43405.29
1638718920,42552.1,42552.1,42430.1,42435.2,42449.3,0.57719193,45,2021-12-05 15:42:00,24493.254987935998,BTCEUR,43404.37
1638718980,42451.8,42561.8,42436.4,42446.8,42518.8,3.07872749,35,2021-12-05 15:43:00,130682.130022532,BTCEUR,43399.58
1638719040,42430.1,42452.1,42400.7,42414.9,42430.1,0.79015098,30,2021-12-05 15:44:00,33514.174801602,BTCEUR,43398.31
1638719100,42414.9,42513.8,42414.8,42494.6,42477.4,0.98478791,27,2021-12-05 15:45:00,41848.168320286,BTCEUR,43396.87
1638719160,42477.3,42543.0,42420.5,42460.9,42451.3,11.79450916,72,2021-12-05 15:46:00,500805.47399184405,BTCEUR,43379.29
1638719220,42460.9,42481.1,42369.9,42440.2,42431.5,4.64119659,44,2021-12-05 15:47:00,196973.31151891797,BTCEUR,43372.41
1638719280,42422.4,42460.9,42219.7,42363.5,42302.9,85.35400627,156,2021-12-05 15:48:00,3615894.444619145,BTCEUR,43252.75
1638719340,42363.4,42363.4,42282.2,42328.6,42312.3,5.11058526,73,2021-12-05 15:49:00,216323.919236436,BTCEUR,43246.23
1638719400,42340.5,42340.5,42304.4,42309.5,42312.0,1.63885273,28,2021-12-05 15:50:00,69339.039579935,BTCEUR,43244.12
1638719460,42309.5,42409.3,42229.4,42397.2,42300.5,10.93524293,96,2021-12-05 15:51:00,463623.6815517959,BTCEUR,43231.55
1638719520,42409.4,42437.5,42395.0,42425.9,42407.7,4.14036378,30,2021-12-05 15:52:00,175658.659693902,BTCEUR,43227.05
1638719580,42398.4,42398.4,42326.7,42346.0,42348.6,2.49732997,57,2021-12-05 15:53:00,105751.93490962,BTCEUR,43224.09
1638719640,42330.8,42424.3,42325.3,42421.9,42383.6,1.63440185,29,2021-12-05 15:54:00,69334.431840515,BTCEUR,43222.33
1638719700,42420.4,42480.7,42412.7,42476.3,42451.7,0.64199333,39,2021-12-05 15:55:00,27269.501283079004,BTCEUR,43221.69
1638719760,42476.9,42480.8,42385.1,42465.9,42445.9,16.25754742,90,2021-12-05 15:56:00,690391.3829829781,BTCEUR,43205.53
1638719820,42465.9,42478.5,42417.0,42478.5,42441.5,1.99505116,34,2021-12-05 15:57:00,84746.78070006,BTCEUR,43203.63
1638719880,42478.3,42478.3,42418.4,42451.2,42452.1,0.33301618,25,2021-12-05 15:58:00,14136.936460415998,BTCEUR,43203.3
1638719940,42420.0,42463.1,42405.0,42444.4,42449.4,0.27739952,24,2021-12-05 15:59:00,11774.056186688002,BTCEUR,43203.03
1638720000,42444.5,42444.5,42421.9,42440.2,42442.0,0.68020562,32,2021-12-05 16:00:00,28868.062553923995,BTCEUR,43202.35
1638720060,42439.7,42593.7,42439.7,42593.7,42539.3,2.00593024,44,2021-12-05 16:01:00,85439.990863488,BTCEUR,43200.75
1638720120,42599.0,43118.3,42599.0,43118.3,42831.4,81.81872619,387,2021-12-05 16:02:00,3527884.3814782775,BTCEUR,43192.68
1638720180,43100.1,43100.1,42859.5,42923.3,43069.2,27.98596192,102,2021-12-05 16:03:00,1201249.8392807362,BTCEUR,43184.0
1638720240,42924.5,42924.5,42759.1,42818.4,42817.5,3.99400090,57,2021-12-05 16:04:00,171016.72813656,BTCEUR,43182.33
1638720300,42788.3,42903.9,42773.3,42822.5,42827.1,1.13648624,43,2021-12-05 16:05:00,48667.1820124,BTCEUR,43181.86
1638720360,42851.8,42898.7,42830.4,42865.2,42873.6,5.86741484,35,2021-12-05 16:06:00,251507.910599568,BTCEUR,43179.75
1638720420,42865.5,42865.5,42810.1,42810.1,42826.2,1.50641073,36,2021-12-05 16:07:00,64489.593992373,BTCEUR,43179.12
1638720480,42823.2,42823.2,42759.2,42759.2,42794.0,0.32328635,26,2021-12-05 16:08:00,13823.465696919999,BTCEUR,43178.96
1638720540,42759.1,42881.8,42725.4,42881.8,42777.6,5.05571353,38,2021-12-05 16:09:00,216798.09645075403,BTCEUR,43177.27
1638720600,42873.5,42877.8,42795.5,42864.6,42851.7,0.14135299,19,2021-12-05 16:10:00,6059.0393751540005,BTCEUR,43177.22
1638720660,42854.5,42873.0,42811.9,42863.2,42851.4,0.73155084,20,2021-12-05 16:11:00,31356.609965088,BTCEUR,43176.96
1638720720,42863.2,43000.0,42826.5,42999.9,42928.6,8.75476496,40,2021-12-05 16:12:00,376454.01780350396,BTCEUR,43175.23
1638720780,43000.0,43000.0,42990.4,42999.5,42999.7,0.81665546,32,2021-12-05 16:13:00,35115.77645227,BTCEUR,43175.07
1638720840,43000.0,43099.9,43000.0,43060.4,43024.8,5.23184750,69,2021-12-05 16:14:00,225285.446089,BTCEUR,43174.4
1638720900,43037.1,43064.9,42954.6,43064.9,43033.1,0.67745393,29,2021-12-05 16:15:00,29174.485750057,BTCEUR,43174.32
1638720960,43079.3,43087.8,42987.2,43013.7,43038.6,0.22872004,29,2021-12-05 16:16:00,9838.095184548,BTCEUR,43174.28
1638721020,43012.3,43017.5,42956.8,42998.0,42982.8,0.89788786,35,2021-12-05 16:17:00,38607.38220428,BTCEUR,43174.1
1638721080,42990.0,42999.8,42938.3,42947.3,42964.4,0.82868656,22,2021-12-05 16:18:00,35589.850298288,BTCEUR,43173.89
1638721140,42936.2,42936.2,42912.5,42917.5,42922.4,2.96591953,41,2021-12-05 16:19:00,127289.851428775,BTCEUR,43173.05
1638721200,42917.5,42917.6,42863.2,42863.2,42878.7,1.31069106,25,2021-12-05 16:20:00,56180.41304299199,BTCEUR,43172.61
1638721260,42863.2,42863.2,42767.0,42792.9,42809.8,0.57191097,33,2021-12-05 16:21:00,24473.728948113003,BTCEUR,43172.37
1638721320,42770.9,42858.1,42770.6,42827.5,42805.8,7.61619819,59,2021-12-05 16:22:00,326182.727982225,BTCEUR,43169.51
1638721380,42802.9,42882.3,42802.6,42882.3,42847.5,1.17897088,20,2021-12-05 16:23:00,50556.982967424,BTCEUR,43169.14
1638721440,42900.0,42900.0,42837.3,42863.2,42865.3,0.71954495,22,2021-12-05 16:24:00,30841.999100839996,BTCEUR,43168.9
1638721500,42895.6,42895.6,42764.3,42779.8,42795.7,2.00435466,30,2021-12-05 16:25:00,85745.891483868,BTCEUR,43168.06
1638721560,42797.2,42857.9,42784.5,42784.5,42825.3,0.15217054,26,2021-12-05 16:26:00,6510.54046863,BTCEUR,43168.0
1638721620,42775.6,42779.2,42757.8,42763.9,42759.0,0.20553622,13,2021-12-05 16:27:00,8789.530358458,BTCEUR,43167.91
1638721680,42767.0,42788.0,42761.4,42761.5,42769.9,0.12218207,21,2021-12-05 16:28:00,5224.688586305,BTCEUR,43167.85
1638721740,42791.5,42791.5,42765.2,42774.5,42770.2,0.90737489,20,2021-12-05 16:29:00,38812.507232305004,BTCEUR,43167.47
1638721800,42773.5,42809.2,42773.5,42809.2,42791.2,0.42550478,17,2021-12-05 16:30:00,18215.519227976,BTCEUR,43167.3
1638721860,42820.9,42830.0,42757.8,42757.8,42804.3,0.92745657,35,2021-12-05 16:31:00,39656.002528746,BTCEUR,43166.89
1638721920,42732.7,42732.7,42687.1,42687.2,42714.0,0.31871573,34,2021-12-05 16:32:00,13605.082109655998,BTCEUR,43166.73
1638721980,42687.2,42741.1,42687.1,42687.3,42691.9,0.56405294,25,2021-12-05 16:33:00,24077.897065662,BTCEUR,43166.44
1638722040,42687.1,42687.1,42596.8,42636.9,42635.7,1.01664724,32,2021-12-05 16:34:00,43346.686707156,BTCEUR,43165.86
1638722100,42629.5,42724.0,42629.5,42668.1,42648.6,1.76371173,29,2021-12-05 16:35:00,75254.228466813,BTCEUR,43164.92
1638722160,42681.9,42743.4,42681.9,42717.6,42709.6,0.05056021,12,2021-12-05 16:36:00,2159.810826696,BTCEUR,43164.89
1638722220,42731.4,42781.5,42719.0,42721.4,42730.6,0.10832503,20,2021-12-05 16:37:00,4627.796936642,BTCEUR,43164.84
1638722280,42725.9,42734.4,42680.9,42734.4,42713.6,0.14873588,10,2021-12-05 16:38:00,6356.138590271999,BTCEUR,43164.77
1638722340,42734.4,42734.4,42661.0,42661.0,42726.7,0.59033526,14,2021-12-05 16:39:00,25184.29252686,BTCEUR,43164.45
1638722400,42661.6,42718.0,42661.6,42713.1,42689.9,1.20186040,32,2021-12-05 16:40:00,51335.183451239995,BTCEUR,43163.87
1638722460,42699.5,42776.2,42695.4,42766.4,42747.9,0.19503163,31,2021-12-05 16:41:00,8340.800701232001,BTCEUR,43163.79
1638722520,42763.5,42848.1,42763.5,42848.1,42812.6,1.18952315,15,2021-12-05 16:42:00,50968.806883515004,BTCEUR,43163.39
1638722580,42849.1,42900.0,42832.4,42900.0,42853.7,1.24784620,25,2021-12-05 16:43:00,53532.60198,BTCEUR,43163.03
1638722640,42899.9,42899.9,42845.8,42893.2,42881.1,0.13807256,21,2021-12-05 16:44:00,5922.373930592,BTCEUR,43162.99
1638722700,42888.9,42971.3,42852.8,42958.8,42909.6,7.52269951,48,2021-12-05 16:45:00,323166.143710188,BTCEUR,43161.36
1638722760,42958.6,42961.5,42922.6,42945.0,42941.2,0.48211196,17,2021-12-05 16:46:00,20704.2981222,BTCEUR,43161.25
1638722820,42940.2,42953.8,42940.0,42953.8,42941.6,0.57550048,19,2021-12-05 16:47:00,24719.932517824,BTCEUR,43161.12
1638722880,42951.1,43064.2,42951.1,43043.1,43003.0,5.77677860,39,2021-12-05 16:48:00,248650.45895765998,BTCEUR,43160.4
1638722940,43060.0,43092.0,43059.6,43089.5,43073.4,0.73959155,21,2021-12-05 16:49:00,31868.630093724998,BTCEUR,43160.34
1638723000,43091.7,43100.0,43091.7,43098.8,43097.2,1.21425082,23,2021-12-05 16:50:00,52332.753241016,BTCEUR,43160.26
1638723060,43042.1,43042.1,43040.0,43040.1,43040.7,0.20237955,21,2021-12-05 16:51:00,8710.436069955,BTCEUR,43160.24
1638723120,43040.0,43062.3,43005.0,43058.8,43028.4,0.15505528,27,2021-12-05 16:52:00,6676.494290464,BTCEUR,43160.22
1638723180,43058.8,43058.8,43005.2,43005.3,43051.2,0.38215401,39,2021-12-05 16:53:00,16434.647846253,BTCEUR,43160.16
1638723240,43000.2,43000.9,43000.1,43000.2,43000.8,0.14810575,11,2021-12-05 16:54:00,6368.5768711499995,BTCEUR,43160.13
1638723300,43000.2,43008.0,42961.4,42962.7,42993.3,1.46731260,45,2021-12-05 16:55:00,63039.711040019996,BTCEUR,43159.83
1638723360,42962.9,43064.0,42962.7,43064.0,43010.4,0.21234262,22,2021-12-05 16:56:00,9144.32258768,BTCEUR,43159.81
1638723420,43060.7,43065.4,43013.1,43041.5,43043.1,0.27833469,35,2021-12-05 16:57:00,11979.942559635,BTCEUR,43159.77
1638723480,43040.2,43040.2,42950.2,42951.4,43008.2,0.86845091,37,2021-12-05 16:58:00,37301.182415774,BTCEUR,43159.58
1638723540,42950.4,42951.7,42950.2,42950.3,42950.8,0.19137069,13,2021-12-05 16:59:00,8219.428546707,BTCEUR,43159.54
1638723600,42951.6,43045.0,42951.6,43034.9,42985.0,0.48828514,33,2021-12-05 17:00:00,21013.302171386,BTCEUR,43159.47
1638723660,43018.9,43034.3,42967.9,42993.4,42990.1,3.57357806,40,2021-12-05 17:01:00,153640.27096480402,BTCEUR,43158.85
1638723720,42998.6,43001.2,42973.9,42993.7,42989.3,0.28559884,11,2021-12-05 17:02:00,12278.950847308,BTCEUR,43158.8
1638723780,42991.7,43017.8,42991.6,43017.2,43008.0,0.07108707,10,2021-12-05 17:03:00,3057.966707604,BTCEUR,43158.79
1638723840,43002.7,43002.7,42940.2,42940.2,42980.8,0.34961063,23,2021-12-05 17:04:00,15012.350374325999,BTCEUR,43158.71
1638723900,42931.4,42951.3,42931.3,42951.3,42940.4,0.21111493,23,2021-12-05 17:05:00,9067.660692909001,BTCEUR,43158.67
1638723960,42959.3,42963.3,42938.9,42960.7,42959.4,0.08881324,14,2021-12-05 17:06:00,3815.478959668,BTCEUR,43158.65
1638724020,42959.3,42959.3,42944.2,42944.4,42944.5,1.14855673,13,2021-12-05 17:07:00,49324.079635812,BTCEUR,43158.39
1638724080,42944.2,42944.3,42923.9,42923.9,42939.1,0.51233497,19,2021-12-05 17:08:00,21991.415018783,BTCEUR,43158.27
1638724140,42924.0,42924.0,42865.2,42889.0,42903.0,0.50877816,25,2021-12-05 17:09:00,21820.986504239998,BTCEUR,43158.12
1638724200,42889.1,42901.2,42883.2,42901.1,42893.6,0.22834253,15,2021-12-05 17:10:00,9796.145713782998,BTCEUR,43158.06
1638724260,42901.2,42997.1,42901.2,42997.1,42934.3,0.38067506,24,2021-12-05 17:11:00,16367.923622326,BTCEUR,43158.0
1638724320,42995.4,43040.8,42988.9,43040.8,43021.9,0.24467606,30,2021-12-05 17:12:00,10531.053363248,BTCEUR,43157.97
1638724380,43045.0,43045.0,43040.5,43043.4,43041.8,0.21402641,15,2021-12-05 17:13:00,9212.424376194,BTCEUR,43157.94
1638724440,43043.4,43058.9,43043.3,43058.9,43045.4,0.73031644,21,2021-12-05 17:14:00,31446.622558315998,BTCEUR,43157.87
1638724500,43055.0,43055.1,42938.2,42938.2,43023.1,0.11715642,17,2021-12-05 17:15:00,5030.485793244,BTCEUR,43157.84
1638724560,42964.4,42964.4,42935.6,42950.0,42955.7,0.50261138,17,2021-12-05 17:16:00,21587.158771000002,BTCEUR,43157.73
1638724620,42950.0,43018.3,42950.0,43018.3,42983.7,0.55030594,17,2021-12-05 17:17:00,23673.226018702,BTCEUR,43157.65
1638724680,43018.1,43038.1,43007.6,43038.1,43017.0,0.44461414,19,2021-12-05 17:18:00,19135.347818734,BTCEUR,43157.6
1638724740,43025.6,43166.8,43025.6,43135.6,43106.0,7.15070048,38,2021-12-05 17:19:00,308449.755625088,BTCEUR,43157.43
1638724800,43112.1,43145.4,43101.8,43137.1,43113.2,0.22611743,20,2021-12-05 17:20:00,9754.050189653,BTCEUR,43157.43
1638724860,43151.5,43156.6,43121.1,43121.2,43132.0,0.37092425,29,2021-12-05 17:21:00,15994.6987691,BTCEUR,43157.41
1638724920,43143.3,43166.6,43134.6,43166.6,43147.0,0.52264729,20,2021-12-05 17:22:00,22560.906508514,BTCEUR,43157.42
1638724980,43162.3,43200.0,43161.0,43200.0,43178.2,0.17679883,12,2021-12-05 17:23:00,7637.709456,BTCEUR,43157.43
1638725040,43241.0,43306.9,43214.5,43279.7,43258.1,0.93126491,41,2021-12-05 17:24:00,40304.865925326994,BTCEUR,43157.55
1638725100,43229.5,43229.5,43157.0,43181.5,43196.4,0.11460468,19,2021-12-05 17:25:00,4948.80198942,BTCEUR,43157.55
1638725160,43263.4,43365.1,43252.4,43365.1,43304.3,2.01154038,33,2021-12-05 17:26:00,87230.64973273799,BTCEUR,43157.98
1638725220,43344.4,43398.6,43344.4,43381.6,43357.4,0.19061986,20,2021-12-05 17:27:00,8269.394518576,BTCEUR,43158.03
1638725280,43379.0,43398.6,43344.3,43373.0,43385.8,0.41385091,40,2021-12-05 17:28:00,17949.95551943,BTCEUR,43158.12
1638725340,43373.0,43428.1,43373.0,43382.9,43413.0,0.09271108,19,2021-12-05 17:29:00,4022.075512532,BTCEUR,43158.14
1638725400,43427.1,43496.6,43419.5,43496.6,43443.9,0.54713065,30,2021-12-05 17:30:00,23798.32303079,BTCEUR,43158.33
1638725460,43496.7,43500.0,43456.0,43456.0,43481.9,0.24381419,24,2021-12-05 17:31:00,10595.189440639999,BTCEUR,43158.41
1638725520,43485.5,43626.2,43456.0,43603.6,43524.2,1.79705339,79,2021-12-05 17:32:00,78357.997196204,BTCEUR,43159.24
1638725580,43545.5,43591.9,43535.8,43571.0,43555.5,0.85518483,29,2021-12-05 17:33:00,37261.25822793,BTCEUR,43159.6
1638725640,43553.1,43553.1,43498.9,43502.0,43527.5,0.48673849,23,2021-12-05 17:34:00,21174.097791980003,BTCEUR,43159.78
1638725700,43508.7,43566.5,43504.0,43504.4,43513.8,2.95618715,36,2021-12-05 17:35:00,128607.14824846,BTCEUR,43160.83
1638725760,43502.1,43506.3,43458.0,43506.3,43482.2,0.55656760,19,2021-12-05 17:36:00,24214.196975880004,BTCEUR,43161.03
1638725820,43500.3,43551.9,43497.5,43551.9,43517.7,0.53099151,24,2021-12-05 17:37:00,23125.689144369,BTCEUR,43161.24
1638725880,43551.1,43566.8,43541.8,43566.8,43550.2,3.13861085,18,2021-12-05 17:38:00,136739.23117978,BTCEUR,43162.55
1638725940,43566.8,43581.1,43538.6,43571.4,43558.7,0.25346372,26,2021-12-05 17:39:00,11043.769129608001,BTCEUR,43162.66
1638726000,43571.7,43588.0,43567.2,43588.0,43578.3,0.07714175,10,2021-12-05 17:40:00,3362.4545989999997,BTCEUR,43162.69
1638726060,43588.0,43601.4,43568.4,43568.4,43595.3,1.15299325,34,2021-12-05 17:41:00,50234.0711133,BTCEUR,43163.17
1638726120,43577.9,43599.9,43577.7,43595.9,43581.7,0.39460869,30,2021-12-05 17:42:00,17203.320988371,BTCEUR,43163.35
1638726180,43593.2,43601.5,43582.1,43582.2,43590.5,0.18852921,21,2021-12-05 17:43:00,8216.517736062,BTCEUR,43163.43
1638726240,43582.1,43582.2,43566.6,43566.6,43574.4,0.20509056,28,2021-12-05 17:44:00,8935.098391296,BTCEUR,43163.51
1638726300,43587.8,43587.8,43489.7,43497.5,43517.0,1.51932620,34,2021-12-05 17:45:00,66086.8913845,BTCEUR,43164.03
1638726360,43488.4,43531.9,43488.4,43500.1,43498.4,0.53300063,20,2021-12-05 17:46:00,23185.580705063,BTCEUR,43164.22
1638726420,43500.1,43543.6,43493.6,43542.3,43531.8,0.49877624,27,2021-12-05 17:47:00,21717.864674952,BTCEUR,43164.41
1638726480,43510.0,43531.2,43498.5,43525.3,43515.4,0.06508195,14,2021-12-05 17:48:00,2832.711398335,BTCEUR,43164.43
1638726540,43500.0,43518.6,43498.7,43517.1,43513.2,0.00897536,4,2021-12-05 17:49:00,390.581638656,BTCEUR,43164.44
1638726600,43527.2,43579.0,43520.8,43579.0,43548.6,0.04981218,12,2021-12-05 17:50:00,2170.76499222,BTCEUR,43164.46
1638726660,43573.7,43573.7,43566.4,43571.2,43571.1,0.13976975,17,2021-12-05 17:51:00,6089.935731199999,BTCEUR,43164.52
1638726720,43571.2,43571.2,43559.8,43561.2,43568.5,0.20709916,19,2021-12-05 17:52:00,9021.487928592,BTCEUR,43164.6
1638726780,43561.2,43601.0,43561.1,43601.0,43561.6,0.80400851,19,2021-12-05 17:53:00,35055.57504451,BTCEUR,43164.96
1638726840,43601.1,43620.4,43586.3,43615.8,43603.5,0.46172377,17,2021-12-05 17:54:00,20138.451607566,BTCEUR,43165.17
1638726900,43612.1,43643.7,43602.1,43643.7,43616.6,0.24650382,21,2021-12-05 17:55:00,10758.338768934,BTCEUR,43165.29
1638726960,43650.0,43671.7,43639.5,43652.0,43654.4,0.16578167,14,2021-12-05 17:56:00,7236.70145884,BTCEUR,43165.37
1638727020,43660.4,43671.6,43651.3,43660.7,43660.3,0.34264956,37,2021-12-05 17:57:00,14960.319644292,BTCEUR,43165.55
1638727080,43658.4,43658.4,43592.9,43598.5,43617.9,0.87340002,112,2021-12-05 17:58:00,38078.93077197,BTCEUR,43165.93
1638727140,43611.7,43662.2,43611.2,43662.2,43619.1,0.43160004,15,2021-12-05 17:59:00,18844.607266488,BTCEUR,43166.15
1638727200,43653.2,43660.8,43602.1,43622.5,43617.0,3.75400780,47,2021-12-05 18:00:00,163759.2052555,BTCEUR,43167.9
1638727260,43625.1,43625.1,43602.8,43602.8,43612.7,0.07513825,15,2021-12-05 18:01:00,3276.2380871000005,BTCEUR,43167.93
1638727320,43593.8,43601.8,43563.7,43579.9,43575.8,1.44279165,28,2021-12-05 18:02:00,62876.715827835,BTCEUR,43168.53
1638727380,43579.4,43605.9,43575.9,43605.9,43591.9,0.18399784,11,2021-12-05 18:03:00,8023.3914112560005,BTCEUR,43168.62
1638727440,43625.3,43689.0,43625.3,43628.5,43650.8,5.04340673,39,2021-12-05 18:04:00,220036.270519805,BTCEUR,43170.96
1638727500,43600.4,43621.6,43562.6,43581.2,43592.4,1.67988227,32,2021-12-05 18:05:00,73211.285185324,BTCEUR,43171.65
1638727560,43572.1,43572.1,43538.0,43558.5,43556.1,0.73219379,25,2021-12-05 18:06:00,31893.263201715,BTCEUR,43171.94
1638727620,43555.3,43582.6,43555.3,43582.6,43571.6,0.49217289,22,2021-12-05 18:07:00,21450.174195713997,BTCEUR,43172.14
1638727680,43586.3,43598.4,43582.7,43598.4,43585.8,1.18499598,20,2021-12-05 18:08:00,51663.928734432004,BTCEUR,43172.65
1638727740,43598.2,43599.3,43564.5,43578.0,43591.4,0.12212395,13,2021-12-05 18:09:00,5321.9174931,BTCEUR,43172.7
1638727800,43580.0,43583.2,43580.0,43581.6,43581.5,0.04555142,7,2021-12-05 18:10:00,1985.203765872,BTCEUR,43172.72
1638727860,43581.6,43581.6,43561.9,43566.6,43568.6,0.11431275,16,2021-12-05 18:11:00,4980.21785415,BTCEUR,43172.76
1638727920,43566.6,43608.9,43566.6,43608.9,43571.2,0.28263130,14,2021-12-05 18:12:00,12325.240098569999,BTCEUR,43172.89
1638727980,43605.8,43611.0,43605.1,43609.3,43610.2,0.06597938,8,2021-12-05 18:13:00,2877.3145762340005,BTCEUR,43172.92
1638728040,43613.0,43613.0,43601.7,43612.6,43609.8,0.18512552,17,2021-12-05 18:14:00,8073.805253551999,BTCEUR,43173.0
1638728100,43612.6,43614.8,43556.4,43556.4,43576.0,0.88555267,30,2021-12-05 18:15:00,38571.486315588,BTCEUR,43173.34
1638728160,43572.4,43572.5,43572.3,43572.4,43572.4,0.05727732,23,2021-12-05 18:16:00,2495.710297968,BTCEUR,43173.36
1638728220,43572.5,43640.8,43572.5,43640.8,43605.0,0.29620797,26,2021-12-05 18:17:00,12926.752777176,BTCEUR,43173.5
1638728280,43649.9,43651.5,43647.7,43651.5,43650.4,0.12640023,15,2021-12-05 18:18:00,5517.559639845,BTCEUR,43173.56
1638728340,43650.2,43651.5,43616.0,43616.0,43617.7,1.02900065,11,2021-12-05 18:19:00,44880.8923504,BTCEUR,43174.02
1638728400,43572.5,43572.5,43570.0,43570.1,43572.0,0.47196601,13,2021-12-05 18:20:00,20563.606252301,BTCEUR,43174.21
1638728460,43570.0,43570.1,43570.0,43570.1,43570.0,0.03960073,6,2021-12-05 18:21:00,1725.407766173,BTCEUR,43174.22
1638728520,43570.1,43570.1,43553.1,43565.3,43556.7,0.41874183,21,2021-12-05 18:22:00,18242.613446499,BTCEUR,43174.39
1638728580,43542.4,43542.5,43534.4,43537.6,43540.8,0.16391895,13,2021-12-05 18:23:00,7136.63767752,BTCEUR,43174.45
1638728640,43522.3,43525.5,43506.6,43525.5,43516.7,0.20263290,11,2021-12-05 18:24:00,8819.69828895,BTCEUR,43174.52
1638728700,43525.4,43525.4,43500.0,43500.0,43516.9,0.17604193,22,2021-12-05 18:25:00,7657.823955000001,BTCEUR,43174.57
1638728760,43504.0,43509.4,43500.0,43500.1,43507.1,0.33508912,21,2021-12-05 18:26:00,14576.410228912,BTCEUR,43174.68
1638728820,43500.0,43506.4,43500.0,43500.1,43500.2,0.42849395,12,2021-12-05 18:27:00,18639.529674395,BTCEUR,43174.82
1638728880,43500.1,43521.6,43500.1,43510.7,43519.7,0.18244101,12,2021-12-05 18:28:00,7938.1360538069985,BTCEUR,43174.88
1638728940,43519.5,43528.6,43512.5,43521.7,43521.4,0.35118329,12,2021-12-05 18:29:00,15284.093792392998,BTCEUR,43175.0
1638729000,43520.7,43529.9,43508.3,43508.3,43518.5,0.09425694,12,2021-12-05 18:30:00,4100.959222602,BTCEUR,43175.04
1638729060,43502.3,43520.5,43502.3,43520.5,43513.0,0.04352941,9,2021-12-05 18:31:00,1894.421687905,BTCEUR,43175.05
1638729120,43520.5,43530.0,43520.5,43530.0,43527.3,0.28874996,36,2021-12-05 18:32:00,12569.2857588,BTCEUR,43175.15
1638729180,43530.0,43549.8,43529.9,43549.7,43532.6,0.44359225,29,2021-12-05 18:33:00,19318.309409825,BTCEUR,43175.32
1638729240,43543.9,43543.9,43543.8,43543.8,43543.8,0.70427357,13,2021-12-05 18:34:00,30666.747477366003,BTCEUR,43175.58
1638729300,43543.9,43543.9,43543.8,43543.9,43543.8,0.05529841,6,2021-12-05 18:35:00,2407.908435199,BTCEUR,43175.6
1638729360,43543.9,43543.9,43507.0,43531.7,43520.5,2.29547373,32,2021-12-05 18:36:00,99925.87377224099,BTCEUR,43176.41
1638729420,43531.7,43552.9,43531.4,43531.4,43543.1,0.90334152,16,2021-12-05 18:37:00,39323.721043728,BTCEUR,43176.73
1638729480,43533.4,43533.4,43500.0,43503.1,43511.8,0.29409830,21,2021-12-05 18:38:00,12794.18775473,BTCEUR,43176.82
1638729540,43503.3,43600.4,43503.3,43596.9,43541.8,3.24953150,37,2021-12-05 18:39:00,141669.49985234998,BTCEUR,43178.18
1638729600,43612.8,43663.8,43598.6,43661.3,43625.0,0.38904152,16,2021-12-05 18:40:00,16986.058517176,BTCEUR,43178.36
1638729660,43642.8,43666.2,43623.8,43662.5,43645.5,0.19039783,16,2021-12-05 18:41:00,8313.245252375,BTCEUR,43178.46
1638729720,43660.0,43660.0,43628.8,43650.4,43650.9,0.92432136,36,2021-12-05 18:42:00,40346.997092544,BTCEUR,43178.89
1638729780,43651.4,43666.0,43639.3,43653.7,43653.2,2.05038814,21,2021-12-05 18:43:00,89507.02874711799,BTCEUR,43179.85
1638729840,43657.8,43657.9,43600.7,43606.5,43626.0,0.76591271,21,2021-12-05 18:44:00,33398.772588615,BTCEUR,43180.17
1638729900,43606.4,43650.1,43566.5,43650.1,43598.6,0.55386941,22,2021-12-05 18:45:00,24176.455133441,BTCEUR,43180.43
1638729960,43655.6,43655.6,43591.0,43606.2,43616.6,0.84274012,24,2021-12-05 18:46:00,36748.69422074399,BTCEUR,43180.79
1638730020,43611.5,43611.6,43611.5,43611.6,43611.5,0.06594945,5,2021-12-05 18:47:00,2876.16103362,BTCEUR,43180.81
1638730080,43611.6,43611.6,43606.0,43606.0,43608.3,0.24662999,15,2021-12-05 18:48:00,10754.54734394,BTCEUR,43180.92
1638730140,43565.3,43565.3,43540.3,43547.0,43544.7,0.72067219,12,2021-12-05 18:49:00,31383.111857930002,BTCEUR,43181.18
1638730200,43547.8,43547.8,43528.1,43544.8,43535.3,0.54527568,22,2021-12-05 18:50:00,23743.920430464004,BTCEUR,43181.37
1638730260,43540.5,43554.0,43540.0,43540.0,43550.5,0.22299070,11,2021-12-05 18:51:00,9709.015077999999,BTCEUR,43181.45
1638730320,43540.1,43540.1,43511.0,43519.3,43515.0,0.27310020,19,2021-12-05 18:52:00,11885.129533860001,BTCEUR,43181.54
1638730380,43525.3,43525.3,43500.0,43500.0,43504.3,0.08864093,21,2021-12-05 18:53:00,3855.8804550000004,BTCEUR,43181.57
1638730440,43500.1,43500.1,43500.0,43500.1,43500.0,0.08601353,8,2021-12-05 18:54:00,3741.597156353,BTCEUR,43181.6
1638730500,43500.2,43500.2,43500.0,43500.2,43500.1,0.04580930,11,2021-12-05 18:55:00,1992.7137118599996,BTCEUR,43181.61
1638730560,43500.2,43520.6,43500.2,43519.4,43516.6,0.34755411,15,2021-12-05 18:56:00,15125.346334734002,BTCEUR,43181.72
1638730620,43517.2,43517.2,43517.2,43517.2,43517.2,0.03723433,9,2021-12-05 18:57:00,1620.333785476,BTCEUR,43181.74
1638730680,43517.2,43517.2,43500.0,43500.1,43501.8,0.03667126,10,2021-12-05 18:58:00,1595.2034771259998,BTCEUR,43181.75
1638730740,43500.1,43500.1,43488.0,43488.0,43491.8,0.86583572,15,2021-12-05 18:59:00,37653.46379136,BTCEUR,43182.01
1638730800,43485.0,43495.0,43484.8,43495.0,43490.2,1.57625776,28,2021-12-05 19:00:00,68559.3312712,BTCEUR,43182.49
1638730860,43495.0,43495.0,43494.9,43495.0,43494.9,0.09325108,10,2021-12-05 19:01:00,4055.9557246,BTCEUR,43182.52
1638730920,43494.9,43494.9,43431.1,43450.0,43466.4,0.92652573,27,2021-12-05 19:02:00,40257.542968500005,BTCEUR,43182.76
1638730980,43429.4,43434.4,43332.5,43332.5,43364.7,7.50990620,73,2021-12-05 19:03:00,325423.0104115,BTCEUR,43183.85
1638731040,43332.6,43338.5,43274.2,43295.2,43318.3,1.56081825,24,2021-12-05 19:04:00,67575.9382974,BTCEUR,43184.02
1638731100,43306.2,43319.5,43294.5,43295.3,43304.1,2.27193917,33,2021-12-05 19:05:00,98364.28794690101,BTCEUR,43184.26
1638731160,43316.8,43331.5,43286.4,43320.4,43313.9,0.44543548,29,2021-12-05 19:06:00,19296.443167792,BTCEUR,43184.32
1638731220,43334.2,43384.8,43334.2,43384.8,43358.4,0.23218275,16,2021-12-05 19:07:00,10073.2021722,BTCEUR,43184.36
1638731280,43367.4,43398.5,43367.4,43376.3,43389.0,0.26589868,22,2021-12-05 19:08:00,11533.700913284001,BTCEUR,43184.41
1638731340,43376.3,43376.3,43290.9,43334.9,43316.8,0.34266745,25,2021-12-05 19:09:00,14849.459679005,BTCEUR,43184.46
1638731400,43335.0,43343.2,43312.7,43339.8,43333.1,0.24606119,20,2021-12-05 19:10:00,10664.242762362,BTCEUR,43184.5
1638731460,43338.9,43338.9,43314.5,43328.3,43329.1,1.38918272,26,2021-12-05 19:11:00,60190.925646976,BTCEUR,43184.69
1638731520,43325.9,43346.0,43300.9,43300.9,43322.6,0.45577322,21,2021-12-05 19:12:00,19735.390621898,BTCEUR,43184.74
1638731580,43300.8,43300.8,43165.7,43165.7,43233.8,2.56685279,46,2021-12-05 19:13:00,110799.997477303,BTCEUR,43184.7
1638731640,43145.2,43145.2,43031.6,43031.6,43054.1,1.87237648,54,2021-12-05 19:14:00,80571.355736768,BTCEUR,43184.42
1638731700,43057.3,43084.2,42952.1,42970.1,43000.3,2.09089483,44,2021-12-05 19:15:00,89845.95993458299,BTCEUR,43184.0
1638731760,42952.2,43004.5,42936.7,42989.3,42963.6,2.49211582,75,2021-12-05 19:16:00,107134.314620726,BTCEUR,43183.54
1638731820,43011.3,43011.3,42949.8,43000.0,42977.7,0.59729489,19,2021-12-05 19:17:00,25683.68027,BTCEUR,43183.44
1638731880,43000.0,43000.0,42818.5,42823.2,42912.0,1.06239428,51,2021-12-05 19:18:00,45495.122731295996,BTCEUR,43183.08
1638731940,42823.1,42856.0,42785.0,42836.3,42822.8,4.57295559,52,2021-12-05 19:19:00,195888.49753991704,BTCEUR,43181.59
1638732000,42840.9,42847.3,42775.9,42827.9,42825.8,0.62373117,30,2021-12-05 19:20:00,26713.096175643,BTCEUR,43181.39
1638732060,42820.9,42820.9,42788.7,42803.1,42802.9,0.43840721,15,2021-12-05 19:21:00,18765.187650351,BTCEUR,43181.23
1638732120,42817.1,42849.0,42817.0,42826.2,42819.7,1.22919149,19,2021-12-05 19:22:00,52641.600589038,BTCEUR,43180.83
1638732180,42831.6,42892.2,42831.6,42857.7,42871.8,0.68488415,20,2021-12-05 19:23:00,29352.559435454998,BTCEUR,43180.62
1638732240,42860.7,42881.8,42858.4,42881.8,42863.4,1.71354536,19,2021-12-05 19:24:00,73479.909418448,BTCEUR,43180.14
1638732300,42871.3,42986.7,42871.3,42961.3,42944.9,6.80118378,39,2021-12-05 19:25:00,292187.696727714,BTCEUR,43178.76
1638732360,42982.0,43018.7,42971.9,42980.2,42989.0,0.20873555,16,2021-12-05 19:26:00,8971.49568611,BTCEUR,43178.72
1638732420,42989.2,42997.9,42974.1,42987.2,42989.6,0.31170860,17,2021-12-05 19:27:00,13399.479929919999,BTCEUR,43178.67
1638732480,42980.1,42989.4,42971.8,42971.9,42976.4,0.30909745,16,2021-12-05 19:28:00,13282.504711655,BTCEUR,43178.61
1638732540,42972.1,43030.8,42972.1,43020.5,43001.7,0.11782189,18,2021-12-05 19:29:00,5068.756618745,BTCEUR,43178.59
1638732600,43015.1,43026.0,42980.3,42980.3,43013.9,0.71256931,20,2021-12-05 19:30:00,30626.442714593002,BTCEUR,43178.46
1638732660,42980.3,42980.4,42827.7,42895.0,42943.3,3.17949385,40,2021-12-05 19:31:00,136384.38869575,BTCEUR,43177.63
1638732720,42882.2,42915.9,42865.1,42865.1,42880.4,0.37802548,17,2021-12-05 19:32:00,16204.100002748,BTCEUR,43177.52
1638732780,42865.1,42895.8,42863.2,42863.2,42873.6,0.04358930,12,2021-12-05 19:33:00,1868.3768837599998,BTCEUR,43177.5
1638732840,42863.1,42913.3,42827.7,42913.3,42845.5,0.86704819,23,2021-12-05 19:34:00,37207.899091927,BTCEUR,43177.29
1638732900,42968.6,42968.6,42948.5,42968.6,42968.4,0.78177705,8,2021-12-05 19:35:00,33591.865350629996,BTCEUR,43177.14
1638732960,42968.6,42983.7,42968.5,42977.9,42977.9,0.53976177,18,2021-12-05 19:36:00,23197.827374883003,BTCEUR,43177.04
1638733020,42977.8,42985.8,42957.4,42978.7,42975.2,0.15495328,24,2021-12-05 19:37:00,6659.690535135999,BTCEUR,43177.02
1638733080,42977.9,42992.2,42965.7,42986.7,42983.9,0.17548736,19,2021-12-05 19:38:00,7543.622498111999,BTCEUR,43176.98
1638733140,42981.5,43026.0,42981.5,43016.3,43012.9,0.07121614,12,2021-12-05 19:39:00,3063.454843082,BTCEUR,43176.97
1638733200,43026.0,43095.1,43026.0,43088.8,43076.9,1.68786368,25,2021-12-05 19:40:00,72728.02053478401,BTCEUR,43176.84
1638733260,43095.6,43097.9,43083.2,43090.6,43095.2,0.31655356,12,2021-12-05 19:41:00,13640.482832536,BTCEUR,43176.81
1638733320,43084.1,43084.1,43061.3,43062.7,43064.3,0.69007945,14,2021-12-05 19:42:00,29716.684331515,BTCEUR,43176.74
1638733380,43080.6,43256.8,43080.6,43227.8,43168.0,0.14207908,19,2021-12-05 19:43:00,6141.766054424001,BTCEUR,43176.75
1638733440,43230.9,43233.7,43227.8,43227.9,43229.5,0.46116193,19,2021-12-05 19:44:00,19935.061793847002,BTCEUR,43176.77
1638733500,43227.9,43348.0,43164.4,43263.3,43240.9,0.81413981,32,2021-12-05 19:45:00,35222.374841973004,BTCEUR,43176.83
1638733560,43276.0,43278.3,43200.0,43200.0,43244.2,1.19526231,16,2021-12-05 19:46:00,51635.331792,BTCEUR,43176.86
1638733620,43200.0,43200.0,43102.0,43111.6,43141.4,0.31013793,20,2021-12-05 19:47:00,13370.542382988,BTCEUR,43176.84
1638733680,43118.0,43118.0,43105.4,43105.4,43110.4,0.13162893,15,2021-12-05 19:48:00,5673.9176792220005,BTCEUR,43176.83
1638733740,43109.3,43133.7,43105.1,43110.7,43112.4,1.04812723,19,2021-12-05 19:49:00,45185.498574360994,BTCEUR,43176.77
1638733800,43121.3,43147.6,43119.7,43124.6,43125.9,4.44108751,60,2021-12-05 19:50:00,191520.122433746,BTCEUR,43176.55
1638733860,43111.0,43200.3,43111.0,43200.3,43179.0,0.09036560,14,2021-12-05 19:51:00,3903.8210296800003,BTCEUR,43176.56
1638733920,43200.2,43221.8,43188.1,43213.6,43211.0,0.44713189,16,2021-12-05 19:52:00,19322.178641704,BTCEUR,43176.57
1638733980,43212.9,43237.3,43204.5,43222.1,43218.1,0.19898703,11,2021-12-05 19:53:00,8600.637309363,BTCEUR,43176.58
1638734040,43214.9,43266.4,43201.0,43252.5,43257.1,0.29560010,10,2021-12-05 19:54:00,12785.443325249998,BTCEUR,43176.6
1638734100,43262.6,43262.6,43168.1,43183.0,43253.3,1.14118794,15,2021-12-05 19:55:00,49279.91881302,BTCEUR,43176.61
1638734160,43182.8,43259.3,43182.8,43245.9,43189.7,0.59202238,127,2021-12-05 19:56:00,25602.540643242,BTCEUR,43176.65
1638734220,43212.4,43231.0,43201.3,43231.0,43208.2,0.35929717,14,2021-12-05 19:57:00,15532.77595627,BTCEUR,43176.66
1638734280,43242.5,43313.3,43240.5,43311.6,43274.9,0.74011439,25,2021-12-05 19:58:00,32055.538413923998,BTCEUR,43176.75
1638734340,43301.7,43308.1,43282.8,43297.9,43296.1,0.24500729,16,2021-12-05 19:59:00,10608.301141691,BTCEUR,43176.78
1638734400,43313.6,43318.5,43282.5,43318.5,43306.0,0.04030868,7,2021-12-05 20:00:00,1746.11155458,BTCEUR,43176.79
1638734460,43322.8,43339.9,43273.0,43273.0,43306.0,0.68673493,16,2021-12-05 20:01:00,29717.080625889997,BTCEUR,43176.85
1638734520,43275.1,43329.6,43268.8,43329.6,43279.7,0.46037330,22,2021-12-05 20:02:00,19947.79093968,BTCEUR,43176.91
1638734580,43359.7,43361.0,43339.9,43361.0,43349.6,0.21659568,15,2021-12-05 20:03:00,9391.80528048,BTCEUR,43176.95
1638734640,43362.4,43362.4,43357.9,43359.2,43359.9,0.10892401,17,2021-12-05 20:04:00,4722.857934392,BTCEUR,43176.97
1638734700,43359.2,43363.0,43359.1,43359.8,43359.5,0.13378336,14,2021-12-05 20:05:00,5800.819732928,BTCEUR,43176.99
1638734760,43359.8,43383.9,43359.7,43381.8,43365.6,0.41148361,30,2021-12-05 20:06:00,17850.899672298,BTCEUR,43177.07
1638734820,43381.8,43381.8,43340.3,43340.3,43372.9,0.44361391,17,2021-12-05 20:07:00,19226.359943573003,BTCEUR,43177.13
1638734880,43340.1,43350.5,43340.0,43345.5,43340.3,0.30398070,11,2021-12-05 20:08:00,13176.19543185,BTCEUR,43177.18
1638734940,43344.4,43382.5,43344.4,43382.5,43363.0,0.45256811,17,2021-12-05 20:09:00,19633.536032075,BTCEUR,43177.26
1638735000,43378.1,43378.1,43339.9,43340.1,43362.4,0.40972407,22,2021-12-05 20:10:00,17757.482166207,BTCEUR,43177.32
1638735060,43340.1,43356.7,43340.0,43340.0,43347.8,0.11348025,17,2021-12-05 20:11:00,4918.234035,BTCEUR,43177.34
1638735120,43340.0,43340.1,43340.0,43340.0,43340.0,0.02831124,10,2021-12-05 20:12:00,1227.0091416,BTCEUR,43177.35
1638735180,43340.1,43364.1,43340.0,43364.0,43346.4,0.40007836,21,2021-12-05 20:13:00,17348.99800304,BTCEUR,43177.41
1638735240,43364.1,43401.1,43364.1,43393.2,43385.7,0.25157547,18,2021-12-05 20:14:00,10916.664684804,BTCEUR,43177.46
1638735300,43410.7,43412.6,43405.3,43405.9,43409.9,2.06594273,17,2021-12-05 20:15:00,89674.10354410701,BTCEUR,43177.89
1638735360,43413.1,43413.1,43364.7,43364.7,43405.9,0.19689460,17,2021-12-05 20:16:00,8538.27526062,BTCEUR,43177.93
1638735420,43340.8,43351.7,43340.0,43351.7,43342.2,0.08950634,15,2021-12-05 20:17:00,3880.251999778,BTCEUR,43177.94
1638735480,43340.1,43369.1,43340.1,43367.1,43353.8,0.09122622,18,2021-12-05 20:18:00,3956.216605362,BTCEUR,43177.96
1638735540,43365.6,43378.9,43340.7,43346.3,43366.1,0.17181114,24,2021-12-05 20:19:00,7447.377217782,BTCEUR,43177.98
1638735600,43340.1,43351.5,43335.9,43337.6,43338.0,2.62361616,30,2021-12-05 20:20:00,113701.227695616,BTCEUR,43178.36
1638735660,43337.5,43337.6,43218.9,43229.4,43293.9,0.71619120,28,2021-12-05 20:21:00,30960.51586128,BTCEUR,43178.4
1638735720,43209.2,43209.2,43190.0,43190.1,43194.3,0.56836354,18,2021-12-05 20:22:00,24547.678128953998,BTCEUR,43178.4
1638735780,43190.2,43216.2,43190.1,43200.4,43194.8,1.22892884,20,2021-12-05 20:23:00,53090.217459536005,BTCEUR,43178.43
1638735840,43195.4,43223.4,43195.4,43210.0,43209.4,0.05456042,8,2021-12-05 20:24:00,2357.5557482,BTCEUR,43178.43
1638735900,43210.0,43210.0,43127.8,43135.0,43186.2,0.73695853,50,2021-12-05 20:25:00,31788.70619155,BTCEUR,43178.4
1638735960,43105.6,43105.6,43060.0,43060.1,43091.3,0.68360018,44,2021-12-05 20:26:00,29435.892110818,BTCEUR,43178.33
1638736020,43060.0,43060.0,43030.8,43047.0,43040.7,0.31981757,24,2021-12-05 20:27:00,13767.18693579,BTCEUR,43178.29
1638736080,43046.9,43046.9,43000.0,43007.3,43022.4,0.86212734,28,2021-12-05 20:28:00,37077.769149582,BTCEUR,43178.16
1638736140,43000.3,43008.9,43000.0,43008.9,43000.8,0.83351363,24,2021-12-05 20:29:00,35848.504361307,BTCEUR,43178.03
1638736200,43000.1,43084.0,43000.0,43084.0,43029.8,0.31415730,20,2021-12-05 20:30:00,13535.153113199998,BTCEUR,43178.01
1638736260,43084.0,43166.3,43084.0,43166.3,43111.1,0.25880013,18,2021-12-05 20:31:00,11171.444051619,BTCEUR,43178.0
1638736320,43149.7,43164.8,43078.0,43088.8,43083.3,3.45724852,24,2021-12-05 20:32:00,148968.690028576,BTCEUR,43177.73
1638736380,43084.0,43137.7,43077.0,43132.3,43122.3,2.43770317,26,2021-12-05 20:33:00,105143.744439391,BTCEUR,43177.63
1638736440,43120.0,43160.6,43120.0,43160.6,43145.3,0.11822406,10,2021-12-05 20:34:00,5102.621364036,BTCEUR,43177.63
1638736500,43160.7,43168.6,43079.1,43128.9,43112.5,0.70376159,18,2021-12-05 20:35:00,30352.463238951004,BTCEUR,43177.6
1638736560,43092.0,43133.7,43068.6,43068.7,43103.0,5.14619477,35,2021-12-05 20:36:00,221639.91869069898,BTCEUR,43177.1
1638736620,43068.6,43140.6,43068.2,43133.8,43079.7,3.70718378,39,2021-12-05 20:37:00,159904.923729764,BTCEUR,43176.95
1638736680,43133.9,43175.5,43126.4,43174.6,43137.5,0.11025612,11,2021-12-05 20:38:00,4760.263878551999,BTCEUR,43176.95
1638736740,43168.9,43213.1,43168.9,43209.7,43206.8,1.37515219,14,2021-12-05 20:39:00,59419.913584243004,BTCEUR,43176.99
1638736800,43209.7,43217.6,43187.7,43187.7,43209.6,0.11799725,19,2021-12-05 20:40:00,5096.0298338249995,BTCEUR,43177.0
1638736860,43187.8,43250.4,43187.8,43226.2,43236.1,0.09281787,12,2021-12-05 20:41:00,4012.1638121939995,BTCEUR,43177.0
1638736920,43226.2,43235.9,43210.7,43226.0,43222.6,0.12853569,23,2021-12-05 20:42:00,5556.08373594,BTCEUR,43177.01
1638736980,43226.0,43246.0,43226.0,43226.0,43243.8,0.17203823,14,2021-12-05 20:43:00,7436.524529979999,BTCEUR,43177.01
1638737040,43225.9,43246.0,43194.7,43246.0,43234.0,0.13883263,14,2021-12-05 20:44:00,6003.95591698,BTCEUR,43177.02
1638737100,43246.0,43289.1,43218.0,43218.0,43247.1,3.90098480,43,2021-12-05 20:45:00,168592.7610864,BTCEUR,43177.16
1638737160,43218.0,43218.0,43164.5,43175.8,43171.9,0.12900123,13,2021-12-05 20:46:00,5569.731306234,BTCEUR,43177.16
1638737220,43215.7,43229.4,43200.0,43204.9,43207.9,0.14342503,15,2021-12-05 20:47:00,6196.664078647001,BTCEUR,43177.17
1638737280,43204.9,43289.1,43204.9,43286.7,43249.1,1.93893715,18,2021-12-05 20:48:00,83930.190730905,BTCEUR,43177.35
1638737340,43287.2,43300.0,43271.3,43271.3,43277.9,0.92121707,23,2021-12-05 20:49:00,39862.260201091005,BTCEUR,43177.43
1638737400,43264.6,43296.5,43243.1,43292.9,43261.3,1.54298041,11,2021-12-05 20:50:00,66800.096592089,BTCEUR,43177.59
1638737460,43299.9,43299.9,43299.8,43299.9,43299.8,0.39750720,11,2021-12-05 20:51:00,17212.02200928,BTCEUR,43177.63
1638737520,43297.7,43315.5,43297.7,43315.5,43299.7,1.34952882,40,2021-12-05 20:52:00,58455.51560271,BTCEUR,43177.79
1638737580,43312.2,43337.2,43312.2,43329.5,43317.4,0.21866030,19,2021-12-05 20:53:00,9474.44146885,BTCEUR,43177.82
1638737640,43329.4,43329.4,43308.9,43308.9,43311.3,1.21848593,18,2021-12-05 20:54:00,52771.285293777,BTCEUR,43177.96
1638737700,43303.9,43303.9,43239.7,43279.4,43289.5,0.38297214,23,2021-12-05 20:55:00,16574.804435916,BTCEUR,43178.0
1638737760,43280.8,43308.2,43277.6,43288.3,43291.5,0.50172896,25,2021-12-05 20:56:00,21718.993739168003,BTCEUR,43178.05
1638737820,43290.5,43290.5,43236.0,43255.1,43282.1,0.55709846,18,2021-12-05 20:57:00,24097.349597145996,BTCEUR,43178.08
1638737880,43270.6,43270.6,43246.0,43247.2,43263.2,0.21254280,7,2021-12-05 20:58:00,9191.88098016,BTCEUR,43178.1
1638737940,43247.7,43266.8,43247.7,43256.1,43266.5,1.63489849,7,2021-12-05 20:59:00,70719.33257328901,BTCEUR,43178.21
1638738000,43256.1,43299.4,43256.0,43299.4,43260.7,0.66156447,23,2021-12-05 21:00:00,28645.344612318,BTCEUR,43178.28
1638738060,43299.7,43303.8,43265.8,43294.5,43287.0,0.61096379,17,2021-12-05 21:01:00,26451.371806155,BTCEUR,43178.34
1638738120,43276.8,43290.0,43270.1,43289.0,43277.2,0.16453232,11,2021-12-05 21:02:00,7122.43960048,BTCEUR,43178.36
1638738180,43289.9,43317.1,43289.9,43308.3,43291.7,0.67881832,11,2021-12-05 21:03:00,29398.467448056002,BTCEUR,43178.43
1638738240,43298.8,43316.2,43253.6,43256.8,43288.3,1.23138954,20,2021-12-05 21:04:00,53265.971053871996,BTCEUR,43178.52
1638738300,43253.6,43253.6,43220.0,43220.1,43233.1,0.36615148,13,2021-12-05 21:05:00,15825.103580747998,BTCEUR,43178.53
1638738360,43220.1,43220.1,43113.3,43126.9,43206.4,2.06811256,23,2021-12-05 21:06:00,89191.283563864,BTCEUR,43178.44
1638738420,43142.1,43142.1,43103.8,43103.8,43110.1,3.88611858,16,2021-12-05 21:07:00,167506.478048604,BTCEUR,43178.19
1638738480,43100.1,43139.5,43100.1,43139.5,43127.3,0.15833336,10,2021-12-05 21:08:00,6830.42198372,BTCEUR,43178.18
1638738540,43149.9,43212.1,43149.9,43212.1,43154.9,0.27077369,16,2021-12-05 21:09:00,11700.699769649,BTCEUR,43178.19
1638738600,43207.5,43279.5,43207.5,43253.8,43255.2,0.84097090,26,2021-12-05 21:10:00,36375.18711442,BTCEUR,43178.25
1638738660,43266.5,43266.5,43139.3,43139.3,43150.7,0.17318800,20,2021-12-05 21:11:00,7471.209088400001,BTCEUR,43178.24
1638738720,43139.2,43153.1,43135.8,43135.9,43146.0,0.60105681,14,2021-12-05 21:12:00,25927.126450479,BTCEUR,43178.22
1638738780,43146.4,43146.4,43066.6,43081.8,43095.8,1.41940034,25,2021-12-05 21:13:00,61150.321567812,BTCEUR,43178.1
1638738840,43095.5,43096.6,43076.2,43091.2,43088.2,0.03886501,10,2021-12-05 21:14:00,1674.739918912,BTCEUR,43178.1
1638738900,43091.2,43091.2,43001.4,43001.4,43053.1,0.54649728,24,2021-12-05 21:15:00,23500.148136192,BTCEUR,43178.01
1638738960,43003.6,43003.6,42950.1,42963.5,42963.2,1.16749409,19,2021-12-05 21:16:00,50159.632335714996,BTCEUR,43177.8
1638739020,42951.9,42995.5,42939.8,42984.5,42974.0,0.66721403,35,2021-12-05 21:17:00,28679.861472535,BTCEUR,43177.69
1638739080,42984.5,42994.6,42951.1,42973.4,42963.3,0.44605369,18,2021-12-05 21:18:00,19168.443641846,BTCEUR,43177.61
1638739140,42991.1,42991.1,42931.3,42965.0,42951.8,0.65231940,16,2021-12-05 21:19:00,28026.903021,BTCEUR,43177.49
1638739200,42964.9,43013.8,42964.9,42995.9,42980.6,0.41570392,35,2021-12-05 21:20:00,17873.564173928,BTCEUR,43177.43
1638739260,42987.6,42987.6,42950.1,42959.6,42975.3,0.25348886,16,2021-12-05 21:21:00,10889.780030056,BTCEUR,43177.38
1638739320,42950.6,42967.1,42950.5,42952.9,42953.0,1.21032313,13,2021-12-05 21:22:00,51986.888370577,BTCEUR,43177.15
1638739380,42953.7,42995.0,42953.6,42995.0,42985.9,2.63831939,26,2021-12-05 21:23:00,113434.54217305,BTCEUR,43176.74
1638739440,42994.9,43190.5,42994.9,43175.3,43084.7,11.94836918,61,2021-12-05 21:24:00,515874.42385725403,BTCEUR,43176.72
1638739500,43164.7,43242.7,43135.5,43242.7,43200.2,0.44976482,20,2021-12-05 21:25:00,19449.045181814,BTCEUR,43176.75
1638739560,43255.3,43255.4,43196.4,43253.5,43238.6,0.33798627,15,2021-12-05 21:26:00,14619.089129445,BTCEUR,43176.77
1638739620,43236.1,43255.4,43216.6,43255.4,43246.0,0.16306180,11,2021-12-05 21:27:00,7053.303383720001,BTCEUR,43176.78
1638739680,43255.4,43255.4,43255.3,43255.3,43255.3,0.86451608,13,2021-12-05 21:28:00,37394.902395224,BTCEUR,43176.84
1638739740,43255.3,43255.4,43255.3,43255.4,43255.3,1.10971609,16,2021-12-05 21:29:00,48001.213359386005,BTCEUR,43176.91
1638739800,43255.4,43255.4,43209.0,43222.1,43246.5,0.46215481,21,2021-12-05 21:30:00,19975.301413301,BTCEUR,43176.93
1638739860,43219.1,43255.3,43203.0,43255.3,43223.1,0.03700856,10,2021-12-05 21:31:00,1600.8163653680003,BTCEUR,43176.93
1638739920,43253.5,43255.4,43172.3,43255.4,43211.4,7.31035280,39,2021-12-05 21:32:00,316212.23450512,BTCEUR,43177.41
1638739980,43255.4,43333.0,43255.4,43318.3,43282.0,6.05270884,34,2021-12-05 21:33:00,262193.05734377203,BTCEUR,43178.13
1638740040,43330.1,43333.0,43312.2,43326.2,43325.2,0.19427911,14,2021-12-05 21:34:00,8417.375575682,BTCEUR,43178.16
1638740100,43330.0,43330.0,43278.1,43278.1,43305.7,0.32177716,9,2021-12-05 21:35:00,13925.904108196,BTCEUR,43178.18
1638740160,43278.8,43316.2,43276.3,43276.3,43294.5,0.03875380,5,2021-12-05 21:36:00,1677.12107494,BTCEUR,43178.19
1638740220,43262.2,43274.9,43262.2,43264.6,43272.5,0.42396761,8,2021-12-05 21:37:00,18342.789059606,BTCEUR,43178.22
1638740280,43260.0,43274.9,43256.9,43256.9,43266.4,0.63249039,16,2021-12-05 21:38:00,27359.573551191,BTCEUR,43178.26
1638740340,43246.2,43276.5,43246.1,43276.5,43262.2,0.11018765,12,2021-12-05 21:39:00,4768.535835225,BTCEUR,43178.27
1638740400,43267.5,43271.7,43254.0,43254.1,43257.6,0.04501295,9,2021-12-05 21:40:00,1946.994640595,BTCEUR,43178.27
1638740460,43254.1,43300.0,43254.0,43300.0,43273.6,0.31913940,11,2021-12-05 21:41:00,13818.73602,BTCEUR,43178.3
1638740520,43300.0,43333.0,43300.0,43333.0,43301.5,0.98699320,22,2021-12-05 21:42:00,42769.3763356,BTCEUR,43178.43
1638740580,43333.0,43454.4,43332.9,43442.8,43365.2,1.80709675,37,2021-12-05 21:43:00,78505.3426909,BTCEUR,43178.83
1638740640,43453.5,43460.6,43453.5,43460.5,43459.9,0.11958549,10,2021-12-05 21:44:00,5197.245188145,BTCEUR,43178.86
1638740700,43460.6,43460.8,43433.4,43453.3,43448.4,0.35355895,17,2021-12-05 21:45:00,15363.303122035,BTCEUR,43178.94
1638740760,43455.2,43485.3,43453.0,43484.2,43459.9,0.53169531,17,2021-12-05 21:46:00,23120.345199102,BTCEUR,43179.08
1638740820,43484.8,43484.8,43446.1,43469.7,43481.6,0.42125846,18,2021-12-05 21:47:00,18311.978878661997,BTCEUR,43179.18
1638740880,43475.4,43486.1,43452.5,43455.8,43467.4,0.59135926,15,2021-12-05 21:48:00,25697.989730708003,BTCEUR,43179.32
1638740940,43464.5,43486.1,43464.5,43476.2,43482.8,0.23121539,13,2021-12-05 21:49:00,10052.366538717999,BTCEUR,43179.38
1638741000,43486.1,43486.1,43442.3,43442.3,43467.1,0.15998337,18,2021-12-05 21:50:00,6950.045554551001,BTCEUR,43179.41
1638741060,43444.4,43477.7,43442.3,43442.3,43468.6,0.11223315,12,2021-12-05 21:51:00,4875.666172245001,BTCEUR,43179.43
1638741120,43442.3,43442.4,43426.4,43428.0,43430.3,0.53130899,17,2021-12-05 21:52:00,23073.686817719998,BTCEUR,43179.55
1638741180,43428.0,43495.0,43427.9,43495.0,43462.6,0.18524364,10,2021-12-05 21:53:00,8057.172121799999,BTCEUR,43179.59
1638741240,43495.0,43518.4,43495.0,43508.4,43496.0,0.35830171,15,2021-12-05 21:54:00,15589.134119364,BTCEUR,43179.69
1638741300,43508.5,43551.1,43450.2,43549.6,43541.1,6.37161717,52,2021-12-05 21:55:00,277481.379106632,BTCEUR,43181.66
1638741360,43551.0,43570.0,43509.5,43563.2,43531.0,0.10697367,14,2021-12-05 21:56:00,4660.115380944,BTCEUR,43181.69
1638741420,43558.3,43581.9,43552.5,43581.9,43562.4,0.06015306,13,2021-12-05 21:57:00,2621.5846456140002,BTCEUR,43181.71
1638741480,43573.1,43573.1,43557.7,43557.7,43558.5,0.28500038,14,2021-12-05 21:58:00,12413.961051925999,BTCEUR,43181.8
1638741540,43564.3,43569.8,43526.2,43526.2,43552.4,0.42945172,14,2021-12-05 21:59:00,18692.401455064,BTCEUR,43181.93
1638741600,43525.5,43556.2,43525.5,43541.0,43540.4,2.23277000,32,2021-12-05 22:00:00,97217.03856999999,BTCEUR,43182.59
1638741660,43521.3,43534.9,43468.3,43468.3,43498.5,0.35566382,29,2021-12-05 22:01:00,15460.101626906002,BTCEUR,43182.68
1638741720,43508.1,43516.0,43467.7,43468.3,43481.1,0.55414984,12,2021-12-05 22:02:00,24087.951490072002,BTCEUR,43182.81
1638741780,43468.2,43468.3,43450.1,43454.3,43451.6,0.99872000,17,2021-12-05 22:03:00,43398.67849600001,BTCEUR,43183.03
1638741840,43458.5,43525.2,43450.0,43450.0,43475.9,0.09618818,14,2021-12-05 22:04:00,4179.376421,BTCEUR,43183.06
1638741900,43450.0,43450.1,43400.5,43429.6,43419.2,0.53067128,27,2021-12-05 22:05:00,23046.841421888,BTCEUR,43183.16
1638741960,43429.8,43439.5,43360.0,43439.5,43386.7,6.23049330,34,2021-12-05 22:06:00,270649.51370535,BTCEUR,43184.48
1638742020,43464.1,43464.1,43444.0,43444.0,43448.2,1.01623485,4,2021-12-05 22:07:00,44149.3068234,BTCEUR,43184.7
1638742080,43444.0,43463.0,43417.8,43462.9,43434.4,0.67711615,18,2021-12-05 22:08:00,29429.431515835004,BTCEUR,43184.85
1638742140,43462.9,43462.9,43376.8,43376.8,43416.8,0.42033130,19,2021-12-05 22:09:00,18232.626733840003,BTCEUR,43184.92
1638742200,43376.8,43382.9,43360.1,43365.7,43378.6,1.81884622,36,2021-12-05 22:10:00,78875.539522654,BTCEUR,43185.19
1638742260,43369.1,43369.1,43360.0,43360.1,43360.1,0.75845596,29,2021-12-05 22:11:00,32886.726271196,BTCEUR,43185.3
1638742320,43360.1,43380.8,43360.0,43380.5,43366.7,1.59624717,48,2021-12-05 22:12:00,69246.000358185,BTCEUR,43185.55
1638742380,43380.5,43380.8,43315.3,43315.3,43367.9,2.07209358,45,2021-12-05 22:13:00,89753.35504577402,BTCEUR,43185.77
1638742440,43332.6,43332.6,43322.3,43322.3,43328.9,0.66922163,26,2021-12-05 22:14:00,28992.220221349,BTCEUR,43185.85
1638742500,43322.2,43389.4,43308.9,43389.4,43333.2,1.39010911,45,2021-12-05 22:15:00,60316.000217434004,BTCEUR,43186.08
1638742560,43417.9,43483.6,43417.9,43483.6,43461.2,0.59268745,20,2021-12-05 22:16:00,25772.184000819998,BTCEUR,43186.22
1638742620,43451.8,43451.8,43388.2,43438.0,43426.3,1.29592587,19,2021-12-05 22:17:00,56292.42794106,BTCEUR,43186.49
1638742680,43456.8,43456.8,43433.2,43433.2,43444.0,1.07210779,12,2021-12-05 22:18:00,46565.072064627995,BTCEUR,43186.7
1638742740,43455.7,43500.0,43455.7,43500.0,43468.2,0.31646086,23,2021-12-05 22:19:00,13766.047410000001,BTCEUR,43186.78
1638742800,43525.6,43534.1,43437.0,43456.3,43512.9,0.72963493,19,2021-12-05 22:20:00,31707.234408559,BTCEUR,43186.94
1638742860,43463.0,43486.9,43395.2,43395.2,43455.3,0.50116029,23,2021-12-05 22:21:00,21747.951016607996,BTCEUR,43187.03
1638742920,43376.2,43409.3,43349.6,43402.6,43404.4,1.48726852,12,2021-12-05 22:22:00,64551.320666151994,BTCEUR,43187.29
1638742980,43408.8,43448.6,43408.8,43448.6,43424.8,0.02643156,7,2021-12-05 22:23:00,1148.4142778159999,BTCEUR,43187.3
1638743040,43455.3,43455.3,43390.5,43443.0,43412.8,0.51872596,19,2021-12-05 22:24:00,22535.011880280003,BTCEUR,43187.4
1638743100,43454.2,43465.5,43416.8,43460.2,43437.9,0.14589340,14,2021-12-05 22:25:00,6340.55634268,BTCEUR,43187.44
1638743160,43464.6,43480.0,43464.6,43480.0,43475.1,0.11744311,11,2021-12-05 22:26:00,5106.4264228,BTCEUR,43187.46
1638743220,43479.8,43511.0,43479.8,43510.2,43500.5,0.03883681,9,2021-12-05 22:27:00,1689.797370462,BTCEUR,43187.47
1638743280,43523.3,43543.8,43523.3,43539.3,43538.9,3.05946215,19,2021-12-05 22:28:00,133206.840387495,BTCEUR,43188.35
1638743340,43551.6,43584.2,43548.9,43584.0,43550.9,0.43287112,18,2021-12-05 22:29:00,18866.25489408,BTCEUR,43188.49
1638743400,43580.7,43584.5,43571.0,43571.0,43584.3,0.24221434,8,2021-12-05 22:30:00,10553.52100814,BTCEUR,43188.56
1638743460,43549.6,43549.7,43510.0,43510.0,43544.9,1.28976732,25,2021-12-05 22:31:00,56117.776093199995,BTCEUR,43188.9
1638743520,43510.6,43510.6,43510.4,43510.5,43510.4,0.25242994,5,2021-12-05 22:32:00,10983.35290437,BTCEUR,43188.96
