unix,open,high,low,close,vwap,volume,tradecount,date,volume_from,Name
1638662700,43706.0,43706.0,43558.9,43643.6,43575.6,0.24042727,22,2021-12-05 00:05:00,10493.111600971999,XBTEUR
1638662760,43659.0,43750.1,43655.4,43750.0,43707.8,1.31386567,20,2021-12-05 00:06:00,57481.6230625,XBTEUR
1638662820,43748.8,43789.1,43728.8,43789.1,43745.6,0.63944949,17,2021-12-05 00:07:00,28000.917662558997,XBTEUR
1638662880,43789.1,43789.1,43789.0,43789.1,43789.0,0.29375257,16,2021-12-05 00:08:00,12863.160662986998,XBTEUR
1638662940,43796.1,43836.9,43796.1,43827.2,43834.5,0.63079673,25,2021-12-05 00:09:00,27646.054445056,XBTEUR
1638663000,43804.7,43999.9,43804.7,43962.5,43920.7,3.87368119,36,2021-12-05 00:10:00,170296.70931537502,XBTEUR
1638663060,43971.8,44000.0,43864.4,43889.2,43973.5,1.37676020,39,2021-12-05 00:11:00,60424.90376984,XBTEUR
1638663120,43890.7,43890.7,43770.4,43820.8,43833.5,3.28377183,22,2021-12-05 00:12:00,143897.508608064,XBTEUR
1638663180,43792.5,43792.6,43722.3,43737.2,43753.2,0.83783432,20,2021-12-05 00:13:00,36644.527220703996,XBTEUR
1638663240,43743.2,43785.6,43737.9,43741.1,43738.5,0.14106723,14,2021-12-05 00:14:00,6170.435814152999,XBTEUR
1638663300,43649.2,43815.4,43637.4,43815.2,43706.3,15.08886730,69,2021-12-05 00:15:00,661121.73852296,XBTEUR
1638663360,43813.1,43813.2,43707.3,43739.5,43789.9,0.77130112,14,2021-12-05 00:16:00,33736.32533824,XBTEUR
1638663420,43739.6,43874.5,43739.5,43874.5,43741.7,1.18049357,16,2021-12-05 00:17:00,51793.56513696501,XBTEUR
1638663480,43916.8,44000.0,43916.8,44000.0,43950.9,0.67759060,22,2021-12-05 00:18:00,29813.9864,XBTEUR
1638663540,43999.9,44000.0,43962.0,43981.7,43988.6,0.12126863,16,2021-12-05 00:19:00,5333.600504071,XBTEUR
1638663600,43986.3,44000.0,43960.1,43960.1,43999.9,0.80664205,17,2021-12-05 00:20:00,35460.065182205,XBTEUR
1638663660,43960.0,43960.0,43873.4,43917.9,43888.3,0.25954078,25,2021-12-05 00:21:00,11398.486021962002,XBTEUR
1638663720,43899.8,43903.8,43885.1,43903.8,43901.9,0.04166683,10,2021-12-05 00:22:00,1829.3321709540003,XBTEUR
1638663780,43966.5,44000.0,43966.5,44000.0,43999.5,6.01124941,35,2021-12-05 00:23:00,264494.97404,XBTEUR
1638663840,44011.0,44013.1,43877.8,43881.2,43948.0,1.14030641,28,2021-12-05 00:24:00,50038.013638492,XBTEUR
1638663900,43877.2,43877.2,43842.2,43842.2,43851.6,1.85421221,18,2021-12-05 00:25:00,81292.742553262,XBTEUR
1638663960,43842.2,43854.6,43770.1,43770.1,43814.2,0.67232381,25,2021-12-05 00:26:00,29427.680396081,XBTEUR
1638664020,43750.7,43758.3,43731.7,43746.7,43749.5,0.08020811,10,2021-12-05 00:27:00,3508.8401257369997,XBTEUR
1638664080,43760.0,43760.0,43729.8,43755.1,43736.1,0.42525203,16,2021-12-05 00:28:00,18606.945097853,XBTEUR
1638664140,43725.5,43725.5,43671.2,43671.2,43702.7,0.54642727,13,2021-12-05 00:29:00,23863.134593624,XBTEUR
1638664200,43669.5,43669.5,43640.8,43650.1,43642.7,0.10758002,8,2021-12-05 00:30:00,4695.878631002,XBTEUR
1638664260,43650.0,43650.0,43553.0,43553.0,43586.8,0.72511521,35,2021-12-05 00:31:00,31580.942741130002,XBTEUR
1638664320,43583.1,43590.2,43447.8,43447.8,43499.1,1.42834275,46,2021-12-05 00:32:00,62058.35013345001,XBTEUR
1638664380,43449.6,43491.7,43390.0,43390.0,43438.8,1.56597025,41,2021-12-05 00:33:00,67947.4491475,XBTEUR
1638664440,43390.0,43390.0,43140.9,43196.6,43203.4,4.95397744,83,2021-12-05 00:34:00,213994.981884704,XBTEUR
1638664500,43245.1,43245.1,43116.9,43154.9,43137.4,3.74047069,51,2021-12-05 00:35:00,161419.638579881,XBTEUR
1638664560,43216.2,43338.5,43199.8,43284.0,43303.7,0.50420467,29,2021-12-05 00:36:00,21823.99493628,XBTEUR
1638664620,43283.9,43293.2,43139.6,43263.8,43160.3,0.69646428,31,2021-12-05 00:37:00,30131.691317064004,XBTEUR
1638664680,43284.4,43292.6,43215.2,43231.3,43258.4,0.08910635,13,2021-12-05 00:38:00,3852.183348755,XBTEUR
1638664740,43209.3,43209.3,42886.0,43043.7,42997.7,14.36080845,149,2021-12-05 00:39:00,618142.330679265,XBTEUR
1638664800,43071.8,43083.7,42988.1,43083.7,43056.7,1.57487615,40,2021-12-05 00:40:00,67851.49158375499,XBTEUR
1638664860,43080.0,43080.0,42994.8,43009.1,43002.8,1.74532632,23,2021-12-05 00:41:00,75064.914229512,XBTEUR
1638664920,43014.7,43068.3,42940.7,42959.8,43023.3,0.92369550,18,2021-12-05 00:42:00,39681.773940900006,XBTEUR
1638664980,42947.6,42951.6,42859.2,42894.7,42908.3,0.67286201,36,2021-12-05 00:43:00,28862.214060347,XBTEUR
1638665040,42919.0,43075.8,42919.0,43031.2,42970.6,0.32078352,26,2021-12-05 00:44:00,13803.699805823999,XBTEUR
1638665100,43005.7,43123.5,43005.7,43121.2,43045.7,0.43319169,19,2021-12-05 00:45:00,18679.745502828,XBTEUR
1638665160,43119.2,43133.5,43066.3,43133.5,43102.9,0.35712411,21,2021-12-05 00:46:00,15404.012798685,XBTEUR
1638665220,43133.5,43190.6,43133.4,43181.7,43156.4,0.44428138,14,2021-12-05 00:47:00,19184.825266746,XBTEUR
1638665280,43172.6,43209.3,43124.6,43209.3,43145.1,0.45817707,18,2021-12-05 00:48:00,19797.510470751004,XBTEUR
1638665340,43231.3,43360.6,43231.3,43360.6,43270.0,0.72315904,23,2021-12-05 00:49:00,31356.609869824,XBTEUR
1638665400,43360.9,43360.9,43325.0,43331.2,43336.8,0.19843884,12,2021-12-05 00:50:00,8598.593063807999,XBTEUR
1638665460,43356.2,43385.7,43334.5,43334.5,43351.7,0.64584987,18,2021-12-05 00:51:00,27987.581191515,XBTEUR
1638665520,43292.4,43303.8,43215.6,43303.8,43259.0,0.37055105,15,2021-12-05 00:52:00,16046.268558990001,XBTEUR
1638665580,43312.5,43510.3,43312.5,43510.3,43427.3,2.68720018,31,2021-12-05 00:53:00,116920.88599185401,XBTEUR
1638665640,43517.3,43517.3,43375.9,43375.9,43448.4,6.47619591,41,2021-12-05 00:54:00,280910.826172569,XBTEUR
1638665700,43343.7,43395.5,43338.8,43350.1,43363.3,2.40716669,18,2021-12-05 00:55:00,104350.91672816899,XBTEUR
1638665760,43350.0,43371.2,43305.5,43371.2,43331.5,7.54292709,20,2021-12-05 00:56:00,327145.799405808,XBTEUR
1638665820,43414.6,43491.8,43414.6,43491.8,43485.3,2.93625534,11,2021-12-05 00:57:00,127703.02999621202,XBTEUR
1638665880,43507.9,43516.2,43449.7,43516.2,43508.5,3.29808436,24,2021-12-05 00:58:00,143520.09862663198,XBTEUR
1638665940,43511.6,43511.6,43447.2,43447.2,43466.0,0.03705952,11,2021-12-05 00:59:00,1610.132377344,XBTEUR
1638666000,43424.7,43424.7,43276.3,43277.0,43380.5,8.48446909,36,2021-12-05 01:00:00,367182.36880793,XBTEUR
1638666060,43323.4,43323.4,43240.2,43276.6,43297.6,1.66636915,26,2021-12-05 01:01:00,72114.79115689,XBTEUR
1638666120,43274.2,43363.5,43254.8,43287.2,43328.8,3.61110385,22,2021-12-05 01:02:00,156314.57457572,XBTEUR
1638666180,43276.9,43338.6,43239.5,43338.5,43281.3,2.92663562,19,2021-12-05 01:03:00,126835.99781737,XBTEUR
1638666240,43276.1,43282.5,43235.4,43238.8,43262.3,2.44642127,25,2021-12-05 01:04:00,105780.32000927601,XBTEUR
1638666300,43275.5,43280.6,43225.7,43225.7,43241.1,3.61477766,21,2021-12-05 01:05:00,156251.294697862,XBTEUR
1638666360,43237.8,43250.1,43193.5,43208.0,43201.5,5.17386358,17,2021-12-05 01:06:00,223552.29756464,XBTEUR
1638666420,43220.4,43317.5,43220.4,43250.0,43268.9,1.87682287,23,2021-12-05 01:07:00,81172.5891275,XBTEUR
1638666480,43252.5,43330.1,43252.5,43329.8,43324.7,8.07056023,34,2021-12-05 01:08:00,349695.760653854,XBTEUR
1638666540,43326.8,43365.3,43295.2,43295.5,43331.6,1.04864063,45,2021-12-05 01:09:00,45401.420396165,XBTEUR
1638666600,43309.1,43405.9,43309.1,43398.9,43392.6,1.22171111,47,2021-12-05 01:10:00,53020.918291779,XBTEUR
1638666660,43398.9,43414.2,43371.4,43414.1,43387.3,1.03978704,27,2021-12-05 01:11:00,45141.418533264,XBTEUR
1638666720,43400.4,43445.0,43382.8,43429.1,43427.0,0.77531327,32,2021-12-05 01:12:00,33671.157534157,XBTEUR
1638666780,43445.1,43448.4,43425.5,43443.5,43442.6,0.94715475,20,2021-12-05 01:13:00,41147.717381625,XBTEUR
1638666840,43451.1,43457.7,43396.1,43396.1,43426.4,1.61192917,11,2021-12-05 01:14:00,69951.439454237,XBTEUR
1638666900,43396.0,43396.0,43361.9,43394.6,43381.2,1.37302873,8,2021-12-05 01:15:00,59582.03252685799,XBTEUR
1638666960,43411.4,43500.7,43411.4,43500.7,43474.2,0.87892048,18,2021-12-05 01:16:00,38233.656124336,XBTEUR
1638667020,43491.7,43511.4,43452.9,43511.4,43488.6,1.73392739,21,2021-12-05 01:17:00,75445.60823724601,XBTEUR
1638667080,43487.2,43504.8,43476.1,43495.2,43490.1,0.60764007,19,2021-12-05 01:18:00,26429.426372664,XBTEUR
1638667140,43498.4,43515.6,43498.4,43515.6,43513.9,2.05315023,15,2021-12-05 01:19:00,89344.06414858799,XBTEUR
1638667200,43515.5,43515.5,43407.3,43407.3,43466.8,2.35589634,25,2021-12-05 01:20:00,102263.09919928202,XBTEUR
1638667260,43430.0,43537.7,43430.0,43537.7,43457.9,1.95511380,20,2021-12-05 01:21:00,85121.15809026,XBTEUR
1638667320,43544.2,43544.2,43402.0,43426.8,43515.7,2.56872829,21,2021-12-05 01:22:00,111551.64970417201,XBTEUR
1638667380,43383.8,43387.6,43363.7,43371.2,43381.6,1.23079748,11,2021-12-05 01:23:00,53381.163664576,XBTEUR
1638667440,43377.4,43446.9,43377.3,43446.9,43398.2,2.59636687,19,2021-12-05 01:24:00,112804.09176420301,XBTEUR
1638667500,43444.4,43483.7,43419.3,43478.4,43450.2,6.80045983,23,2021-12-05 01:25:00,295673.112672672,XBTEUR
1638667560,43461.4,43465.0,43440.5,43440.5,43444.8,5.36990384,15,2021-12-05 01:26:00,233271.30776152,XBTEUR
1638667620,43422.2,43422.2,43358.7,43358.7,43416.4,0.00739142,5,2021-12-05 01:27:00,320.482362354,XBTEUR
1638667680,43337.9,43337.9,43275.8,43275.8,43287.3,3.93227315,24,2021-12-05 01:28:00,170172.26638477002,XBTEUR
1638667740,43275.8,43275.8,43275.8,43275.8,43275.8,1.62428552,8,2021-12-05 01:29:00,70292.255306416,XBTEUR
1638667800,43275.8,43317.6,43275.8,43294.2,43280.9,4.20814904,19,2021-12-05 01:30:00,182188.446167568,XBTEUR
1638667860,43294.8,43328.2,43278.3,43328.2,43294.4,1.82921345,10,2021-12-05 01:31:00,79256.52620428998,XBTEUR
1638667920,43328.4,43328.4,43293.1,43293.1,43317.6,1.46354025,8,2021-12-05 01:32:00,63361.194397275,XBTEUR
1638667980,43275.8,43285.3,43275.8,43279.1,43277.7,2.28730037,6,2021-12-05 01:33:00,98992.301443267,XBTEUR
1638668040,43278.7,43309.2,43276.3,43309.2,43277.8,0.07286299,8,2021-12-05 01:34:00,3155.637806508,XBTEUR
1638668100,43309.4,43370.2,43309.4,43370.2,43328.0,0.01158913,6,2021-12-05 01:35:00,502.6228859259999,XBTEUR
1638668160,43370.1,43384.8,43370.1,43374.3,43378.1,0.00261060,5,2021-12-05 01:36:00,113.23294758,XBTEUR
1638668220,43406.4,43486.6,43406.4,43481.3,43432.5,0.25874960,13,2021-12-05 01:37:00,11250.768982480002,XBTEUR
1638668280,43486.7,43499.2,43484.5,43484.5,43488.3,1.22103957,10,2021-12-05 01:38:00,53096.295181665,XBTEUR
1638668340,43484.8,43500.0,43484.8,43500.0,43496.8,3.41628896,8,2021-12-05 01:39:00,148608.56976,XBTEUR
1638668400,43499.9,43500.0,43499.9,43500.0,43499.9,7.49321399,32,2021-12-05 01:40:00,325954.808565,XBTEUR
1638668460,43545.1,43588.0,43533.4,43588.0,43545.2,0.21519294,11,2021-12-05 01:41:00,9379.82986872,XBTEUR
1638668520,43588.0,43596.5,43567.9,43573.4,43592.1,0.33559741,12,2021-12-05 01:42:00,14623.120184894,XBTEUR
1638668580,43573.5,43583.4,43538.2,43540.1,43576.6,0.59407441,15,2021-12-05 01:43:00,25866.059218841,XBTEUR
1638668640,43557.2,43600.0,43557.2,43600.0,43599.8,1.30053619,13,2021-12-05 01:44:00,56703.377884,XBTEUR
1638668700,43599.9,43604.8,43594.2,43604.8,43598.2,3.14367550,14,2021-12-05 01:45:00,137079.3414424,XBTEUR
1638668760,43614.0,43649.9,43580.7,43596.4,43610.0,3.08632453,29,2021-12-05 01:46:00,134552.63873969202,XBTEUR
1638668820,43556.3,43593.8,43533.0,43561.7,43546.7,0.37219943,13,2021-12-05 01:47:00,16213.639909831,XBTEUR
1638668880,43574.6,43574.6,43548.5,43551.1,43556.2,0.10325619,6,2021-12-05 01:48:00,4496.920656309,XBTEUR
1638668940,43556.8,43568.1,43556.8,43562.4,43567.8,1.36968358,7,2021-12-05 01:49:00,59666.703985392,XBTEUR
1638669000,43538.5,43539.6,43531.5,43531.5,43538.6,0.58839769,6,2021-12-05 01:50:00,25613.834042234997,XBTEUR
1638669060,43539.6,43623.7,43539.6,43623.7,43611.7,2.15595515,19,2021-12-05 01:51:00,94050.740677055,XBTEUR
1638669120,43612.2,43625.4,43591.5,43625.4,43608.5,0.04522024,10,2021-12-05 01:52:00,1972.7510580960002,XBTEUR
1638669180,43632.3,43641.3,43564.7,43564.7,43638.2,3.03048532,20,2021-12-05 01:53:00,132022.183820204,XBTEUR
1638669240,43559.2,43587.0,43559.2,43587.0,43572.1,4.69658571,10,2021-12-05 01:54:00,204710.08134176998,XBTEUR
1638669300,43601.4,43612.5,43580.0,43580.0,43594.2,3.19900528,18,2021-12-05 01:55:00,139412.65010240002,XBTEUR
1638669360,43559.6,43578.9,43554.7,43571.1,43560.3,2.04608096,11,2021-12-05 01:56:00,89149.99811625599,XBTEUR
1638669420,43577.0,43601.4,43552.1,43588.4,43570.1,0.81480143,13,2021-12-05 01:57:00,35515.890651412,XBTEUR
1638669480,43607.1,43610.6,43542.7,43546.2,43559.7,2.40134348,15,2021-12-05 01:58:00,104569.38344877599,XBTEUR
1638669540,43561.6,43562.5,43525.9,43525.9,43537.3,0.27956682,24,2021-12-05 01:59:00,12168.397450638,XBTEUR
1638669600,43504.2,43526.2,43500.0,43500.1,43515.4,4.39177677,29,2021-12-05 02:00:00,191042.72867267698,XBTEUR
1638669660,43500.1,43500.1,43465.6,43468.5,43472.8,3.97474842,32,2021-12-05 02:01:00,172776.35169477,XBTEUR
1638669720,43468.8,43481.6,43406.3,43406.3,43472.0,2.32987439,35,2021-12-05 02:02:00,101131.22673465702,XBTEUR
1638669780,43416.5,43457.7,43416.4,43439.9,43438.4,4.24160168,19,2021-12-05 02:03:00,184254.752819032,XBTEUR
1638669840,43450.0,43493.0,43430.6,43430.6,43465.2,6.58817424,29,2021-12-05 02:04:00,286128.360147744,XBTEUR
1638669900,43437.1,43438.1,43398.8,43423.4,43433.9,4.40096858,38,2021-12-05 02:05:00,191105.019036772,XBTEUR
1638669960,43426.7,43426.7,43385.0,43386.2,43416.3,3.11844947,25,2021-12-05 02:06:00,135297.67239531397,XBTEUR
1638670020,43394.3,43419.5,43394.3,43409.5,43414.7,1.20857119,25,2021-12-05 02:07:00,52463.471072305,XBTEUR
1638670080,43416.7,43416.7,43355.1,43355.1,43378.2,2.83012577,17,2021-12-05 02:08:00,122700.385770927,XBTEUR
1638670140,43355.1,43358.9,43355.0,43358.9,43357.2,4.66599237,9,2021-12-05 02:09:00,202312.296571593,XBTEUR
1638670200,43355.1,43363.2,43355.0,43355.0,43361.4,2.15506510,12,2021-12-05 02:10:00,93432.84741049999,XBTEUR
1638670260,43356.0,43361.3,43355.0,43355.1,43355.8,2.00825402,13,2021-12-05 02:11:00,87068.053862502,XBTEUR
1638670320,43355.1,43367.0,43320.2,43367.0,43353.2,10.41783719,38,2021-12-05 02:12:00,451790.34541873,XBTEUR
1638670380,43367.5,43367.9,43362.0,43362.4,43364.8,0.25929016,9,2021-12-05 02:13:00,11243.443633984,XBTEUR
1638670440,43350.4,43350.4,43332.9,43339.2,43345.1,0.25387584,6,2021-12-05 02:14:00,11002.775804928,XBTEUR
1638670500,43341.1,43363.1,43341.0,43363.0,43357.5,2.45064040,38,2021-12-05 02:15:00,106267.1196652,XBTEUR
1638670560,43394.9,43401.6,43388.6,43388.6,43394.5,0.00435178,5,2021-12-05 02:16:00,188.81764170800002,XBTEUR
1638670620,43388.1,43388.1,43341.4,43357.1,43350.2,0.78892768,7,2021-12-05 02:17:00,34205.616314528,XBTEUR
1638670680,43327.8,43400.6,43327.8,43398.6,43333.0,0.19060767,7,2021-12-05 02:18:00,8272.106027262,XBTEUR
1638670740,43383.6,43383.6,43352.4,43352.4,43373.4,0.00333758,3,2021-12-05 02:19:00,144.69210319200002,XBTEUR
1638670800,43412.7,43456.9,43412.7,43456.9,43451.4,0.16776949,17,2021-12-05 02:20:00,7290.741949981,XBTEUR
1638670860,43432.0,43490.6,43427.3,43490.6,43470.7,0.04473420,6,2021-12-05 02:21:00,1945.51719852,XBTEUR
1638670920,43491.8,43526.5,43491.8,43526.5,43509.1,0.06818479,9,2021-12-05 02:22:00,2967.8452619349996,XBTEUR
1638670980,43526.6,43526.6,43472.6,43472.6,43493.1,0.41708860,8,2021-12-05 02:23:00,18131.92587236,XBTEUR
1638671040,43472.8,43477.3,43394.8,43402.0,43433.5,0.02995618,8,2021-12-05 02:24:00,1300.1581243599999,XBTEUR
1638671100,43411.7,43466.3,43374.3,43466.3,43434.1,0.11572531,8,2021-12-05 02:25:00,5030.151042053,XBTEUR
1638671160,43465.8,43465.8,43461.9,43461.9,43465.3,0.00081732,4,2021-12-05 02:26:00,35.522280108,XBTEUR
1638671220,43443.8,43454.8,43407.9,43407.9,43412.9,0.06506156,5,2021-12-05 02:27:00,2824.1856903240005,XBTEUR
1638671280,43404.5,43404.5,43383.2,43386.0,43392.0,0.01512255,4,2021-12-05 02:28:00,656.1069543,XBTEUR
1638671340,43423.8,43442.7,43423.8,43442.7,43439.8,0.11126064,8,2021-12-05 02:29:00,4833.462605327999,XBTEUR
1638671400,43465.8,43494.9,43465.8,43494.9,43493.4,0.03137637,5,2021-12-05 02:30:00,1364.7120755130002,XBTEUR
1638671460,43474.8,43474.8,43474.8,43474.8,43474.8,0.01057986,1,2021-12-05 02:31:00,459.957297528,XBTEUR
1638671520,43504.9,43513.2,43504.8,43513.2,43504.9,0.02373748,4,2021-12-05 02:32:00,1032.8937147359998,XBTEUR
1638671580,43524.2,43529.7,43524.2,43529.7,43528.4,0.93827010,9,2021-12-05 02:33:00,40842.61597196999,XBTEUR
1638671640,43530.6,43530.6,43451.4,43451.4,43507.8,3.63553554,24,2021-12-05 02:34:00,157969.108962756,XBTEUR
1638671700,43426.7,43446.6,43408.8,43446.6,43429.7,3.79996894,23,2021-12-05 02:35:00,165095.73054860398,XBTEUR
1638671760,43486.9,43493.1,43449.4,43450.7,43450.5,2.11719620,6,2021-12-05 02:36:00,91993.65692734,XBTEUR
1638671820,43427.1,43427.1,43382.5,43382.6,43415.6,3.09849490,15,2021-12-05 02:37:00,134420.76484874,XBTEUR
1638671880,43383.4,43397.1,43383.4,43392.3,43394.7,3.63000050,9,2021-12-05 02:38:00,157514.07069615,XBTEUR
1638671940,43394.4,43398.4,43369.5,43383.6,43390.7,3.11742953,18,2021-12-05 02:39:00,135245.31575770798,XBTEUR
1638672000,43385.9,43433.5,43385.9,43423.2,43430.6,1.95475493,25,2021-12-05 02:40:00,84881.71427637599,XBTEUR
1638672060,43388.0,43409.7,43381.9,43405.4,43395.3,2.84863536,11,2021-12-05 02:41:00,123646.157254944,XBTEUR
1638672120,43406.5,43442.7,43406.5,43442.7,43436.2,2.33618279,14,2021-12-05 02:42:00,101490.088091133,XBTEUR
1638672180,43442.6,43509.1,43442.6,43509.1,43482.1,3.41368342,16,2021-12-05 02:43:00,148526.293289122,XBTEUR
1638672240,43511.2,43528.3,43470.4,43470.4,43502.4,3.92184987,15,2021-12-05 02:44:00,170484.382588848,XBTEUR
1638672300,43496.0,43548.6,43496.0,43513.2,43533.5,6.41136436,17,2021-12-05 02:45:00,278978.979669552,XBTEUR
1638672360,43530.4,43551.5,43530.4,43545.1,43548.3,1.40726630,22,2021-12-05 02:46:00,61279.55176013,XBTEUR
1638672420,43545.1,43545.2,43480.2,43480.2,43498.7,0.83417544,15,2021-12-05 02:47:00,36270.114966288,XBTEUR
1638672480,43473.2,43550.4,43473.2,43550.4,43486.8,3.91866070,11,2021-12-05 02:48:00,170659.24094928,XBTEUR
1638672540,43551.3,43580.4,43551.3,43580.4,43577.7,3.14838436,10,2021-12-05 02:49:00,137207.849762544,XBTEUR
1638672600,43584.5,43585.8,43491.3,43491.3,43502.1,4.78097297,29,2021-12-05 02:50:00,207930.729730161,XBTEUR
1638672660,43502.3,43515.2,43442.2,43447.8,43478.1,12.29544331,44,2021-12-05 02:51:00,534209.961844218,XBTEUR
1638672720,43447.9,43470.9,43447.9,43462.5,43459.8,3.75914258,13,2021-12-05 02:52:00,163381.73438325,XBTEUR
1638672780,43450.2,43462.8,43411.7,43411.7,43451.4,5.91121091,22,2021-12-05 02:53:00,256615.71466164698,XBTEUR
1638672840,43422.9,43422.9,43397.2,43397.2,43408.6,0.27918946,8,2021-12-05 02:54:00,12116.040833512,XBTEUR
1638672900,43405.1,43497.5,43405.1,43497.5,43471.6,3.28474588,19,2021-12-05 02:55:00,142878.2339153,XBTEUR
1638672960,43497.6,43517.6,43482.5,43495.1,43498.3,4.49631660,30,2021-12-05 02:56:00,195567.74014866,XBTEUR
1638673020,43497.6,43526.3,43490.4,43522.9,43499.2,3.84775005,26,2021-12-05 02:57:00,167465.24065114502,XBTEUR
1638673080,43523.5,43546.1,43523.5,43545.0,43536.0,2.98424946,33,2021-12-05 02:58:00,129949.1427357,XBTEUR
1638673140,43545.0,43549.3,43508.0,43549.2,43523.4,3.47430705,34,2021-12-05 02:59:00,151303.29258186,XBTEUR
1638673200,43538.7,43545.7,43444.1,43448.8,43473.9,1.02082581,15,2021-12-05 03:00:00,44353.656453528005,XBTEUR
1638673260,43448.8,43448.9,43407.0,43423.7,43422.3,0.23889796,15,2021-12-05 03:01:00,10373.833345652,XBTEUR
1638673320,43468.0,43495.0,43389.2,43426.7,43469.5,8.27031806,50,2021-12-05 03:02:00,359152.62129620195,XBTEUR
1638673380,43425.8,43425.9,43357.3,43366.4,43362.4,1.40950211,8,2021-12-05 03:03:00,61125.032303104,XBTEUR
1638673440,43372.9,43454.5,43372.9,43444.4,43390.3,3.18736258,23,2021-12-05 03:04:00,138473.054870552,XBTEUR
1638673500,43456.1,43464.9,43456.1,43456.1,43456.7,13.86344088,27,2021-12-05 03:05:00,602451.073225368,XBTEUR
1638673560,43456.3,43456.3,43424.9,43440.3,43445.4,0.43131834,13,2021-12-05 03:06:00,18736.598085102003,XBTEUR
1638673620,43440.4,43458.0,43427.9,43458.0,43438.8,0.72537487,10,2021-12-05 03:07:00,31523.34110046,XBTEUR
1638673680,43458.0,43463.2,43457.9,43463.0,43461.2,0.17079591,5,2021-12-05 03:08:00,7423.30263633,XBTEUR
1638673740,43457.3,43472.6,43456.7,43472.6,43472.4,0.31335554,4,2021-12-05 03:09:00,13622.380048203999,XBTEUR
1638673800,43460.0,43463.7,43380.9,43394.7,43460.2,1.16672294,25,2021-12-05 03:10:00,50629.591964418,XBTEUR
1638673860,43424.4,43451.5,43417.9,43451.5,43445.3,0.84425516,16,2021-12-05 03:11:00,36684.15308474,XBTEUR
1638673920,43454.8,43489.0,43454.8,43489.0,43465.6,1.33061489,11,2021-12-05 03:12:00,57867.11095121,XBTEUR
1638673980,43494.8,43504.3,43493.6,43493.6,43495.6,0.95968876,17,2021-12-05 03:13:00,41740.319051936,XBTEUR
1638674040,43516.4,43525.8,43502.2,43512.0,43512.3,1.94776866,24,2021-12-05 03:14:00,84751.30993392,XBTEUR
1638674100,43525.9,43532.7,43489.6,43530.7,43531.7,1.27373557,18,2021-12-05 03:15:00,55446.60097699899,XBTEUR
1638674160,43539.5,43553.9,43535.6,43552.9,43543.7,0.79249955,17,2021-12-05 03:16:00,34515.653651195,XBTEUR
1638674220,43553.5,43583.7,43553.5,43583.7,43572.7,0.60438803,9,2021-12-05 03:17:00,26341.466583110996,XBTEUR
1638674280,43578.1,43602.9,43578.1,43602.9,43594.4,0.34918031,11,2021-12-05 03:18:00,15225.274138899,XBTEUR
1638674340,43602.9,43639.4,43602.9,43634.5,43616.3,1.68001087,24,2021-12-05 03:19:00,73306.434307015,XBTEUR
1638674400,43630.0,43632.4,43630.0,43631.9,43632.0,0.23216283,7,2021-12-05 03:20:00,10129.705382277,XBTEUR
1638674460,43622.1,43638.2,43622.1,43638.2,43622.1,1.49851471,13,2021-12-05 03:21:00,65392.484617922,XBTEUR
1638674520,43638.0,43671.1,43638.0,43671.1,43651.5,0.66832718,6,2021-12-05 03:22:00,29186.583110498,XBTEUR
1638674580,43678.0,43708.6,43678.0,43708.6,43707.4,0.14446426,13,2021-12-05 03:23:00,6314.330554636001,XBTEUR
1638674640,43716.7,43716.8,43671.6,43671.6,43676.4,4.80711341,19,2021-12-05 03:24:00,209934.333996156,XBTEUR
1638674700,43673.9,43692.3,43625.1,43692.2,43669.0,2.03416362,13,2021-12-05 03:25:00,88877.083717764,XBTEUR
1638674760,43686.6,43693.9,43686.6,43689.0,43689.1,0.73002529,8,2021-12-05 03:26:00,31894.07489481,XBTEUR
1638674820,43672.0,43676.0,43625.1,43625.1,43650.7,3.24296665,42,2021-12-05 03:27:00,141474.744402915,XBTEUR
1638674880,43625.2,43625.2,43598.3,43621.1,43616.4,4.24527412,32,2021-12-05 03:28:00,185183.52691593202,XBTEUR
1638674940,43635.6,43635.7,43565.1,43574.1,43617.9,3.11004412,33,2021-12-05 03:29:00,135517.373489292,XBTEUR
1638675000,43579.9,43675.2,43579.9,43675.2,43643.1,2.68619686,24,2021-12-05 03:30:00,117320.18509987199,XBTEUR
1638675060,43675.1,43692.2,43660.3,43660.3,43678.1,2.60826912,10,2021-12-05 03:31:00,113877.812259936,XBTEUR
1638675120,43670.5,43726.4,43654.9,43718.1,43695.7,2.60986099,37,2021-12-05 03:32:00,114098.163746919,XBTEUR
1638675180,43718.6,43729.8,43700.9,43700.9,43702.8,2.85108658,16,2021-12-05 03:33:00,124595.049523922,XBTEUR
1638675240,43712.5,43727.2,43707.1,43724.8,43714.3,1.45087845,13,2021-12-05 03:34:00,63439.370050560006,XBTEUR
1638675300,43721.8,43730.2,43719.5,43723.9,43727.4,5.52742884,25,2021-12-05 03:35:00,241680.745857276,XBTEUR
1638675360,43738.2,43754.9,43691.0,43754.9,43728.0,3.25677028,25,2021-12-05 03:36:00,142499.657924372,XBTEUR
1638675420,43767.0,43773.2,43762.4,43771.7,43770.5,1.54586766,21,2021-12-05 03:37:00,67665.255453222,XBTEUR
1638675480,43765.7,43765.7,43727.1,43727.1,43745.3,3.35246080,20,2021-12-05 03:38:00,146593.38864768,XBTEUR
1638675540,43744.8,43767.6,43727.2,43727.2,43758.2,1.53861945,18,2021-12-05 03:39:00,67279.52041404,XBTEUR
1638675600,43713.8,43713.8,43664.0,43672.0,43692.7,7.12433413,28,2021-12-05 03:40:00,311133.92012536,XBTEUR
1638675660,43685.0,43687.0,43624.0,43624.0,43661.9,10.59741040,22,2021-12-05 03:41:00,462301.4312896,XBTEUR
1638675720,43610.0,43654.9,43610.0,43654.9,43652.0,2.62526481,11,2021-12-05 03:42:00,114605.672754069,XBTEUR
1638675780,43667.6,43682.4,43661.6,43679.9,43674.6,8.81063987,19,2021-12-05 03:43:00,384847.868457613,XBTEUR
1638675840,43661.5,43666.6,43632.3,43641.3,43652.2,15.87007078,57,2021-12-05 03:44:00,692590.519931214,XBTEUR
1638675900,43618.7,43618.8,43597.6,43597.6,43617.6,0.69392095,7,2021-12-05 03:45:00,30253.28800972,XBTEUR
1638675960,43616.8,43640.7,43616.8,43640.6,43630.2,0.30966877,8,2021-12-05 03:46:00,13514.130924062,XBTEUR
1638676020,43637.3,43640.6,43637.3,43640.6,43640.4,0.02804206,4,2021-12-05 03:47:00,1223.772323636,XBTEUR
1638676080,43640.5,43699.0,43640.5,43699.0,43647.8,0.70998999,14,2021-12-05 03:48:00,31025.852573009997,XBTEUR
1638676140,43697.1,43701.9,43670.7,43701.9,43674.7,0.52546341,35,2021-12-05 03:49:00,22963.749397478998,XBTEUR
1638676200,43719.4,43726.7,43703.8,43703.8,43714.9,0.49446921,10,2021-12-05 03:50:00,21610.183459998,XBTEUR
1638676260,43702.7,43712.4,43697.8,43697.8,43711.2,0.31916352,8,2021-12-05 03:51:00,13946.743664256,XBTEUR
1638676320,43681.5,43708.8,43678.1,43702.7,43685.2,0.01007838,6,2021-12-05 03:52:00,440.45241762599994,XBTEUR
1638676380,43702.5,43702.5,43674.8,43674.8,43688.8,0.22814315,7,2021-12-05 03:53:00,9964.10644762,XBTEUR
1638676440,43653.3,43653.3,43653.3,43653.3,43653.3,0.00117764,1,2021-12-05 03:54:00,51.407872212,XBTEUR
1638676500,43648.4,43662.3,43641.9,43662.3,43659.9,0.18072915,10,2021-12-05 03:55:00,7891.050366045,XBTEUR
1638676560,43640.1,43658.6,43640.1,43658.1,43649.7,3.18467580,18,2021-12-05 03:56:00,139036.89454398,XBTEUR
1638676620,43662.7,43686.0,43652.4,43686.0,43671.6,2.94743124,45,2021-12-05 03:57:00,128761.48115063999,XBTEUR
1638676680,43673.8,43703.1,43667.8,43683.9,43680.8,1.90721776,18,2021-12-05 03:58:00,83314.709906064,XBTEUR
1638676740,43681.3,43681.3,43625.5,43625.5,43659.6,1.88529237,30,2021-12-05 03:59:00,82246.822287435,XBTEUR
1638676800,43621.3,43688.0,43618.9,43619.1,43648.2,1.95483194,31,2021-12-05 04:00:00,85268.009874054,XBTEUR
1638676860,43618.9,43647.3,43618.9,43627.2,43633.6,1.19579953,22,2021-12-05 04:01:00,52169.385255215995,XBTEUR
1638676920,43625.6,43632.0,43585.9,43585.9,43609.7,2.42006881,34,2021-12-05 04:02:00,105480.87714577901,XBTEUR
1638676980,43583.1,43583.1,43567.3,43567.6,43573.0,2.75854446,18,2021-12-05 04:03:00,120183.16161549599,XBTEUR
1638677040,43565.1,43565.1,43546.5,43546.5,43561.8,1.30659318,14,2021-12-05 04:04:00,56897.55991287,XBTEUR
1638677100,43546.6,43578.2,43546.5,43567.2,43551.6,1.47365884,22,2021-12-05 04:05:00,64203.18941404799,XBTEUR
1638677160,43567.2,43615.2,43567.2,43603.4,43583.3,1.58366567,23,2021-12-05 04:06:00,69053.207675278,XBTEUR
1638677220,43620.1,43620.4,43618.3,43618.3,43618.8,2.30614277,9,2021-12-05 04:07:00,100590.02718469102,XBTEUR
1638677280,43587.8,43587.8,43546.4,43546.4,43570.1,2.70348560,13,2021-12-05 04:08:00,117727.06533184,XBTEUR
1638677340,43526.0,43536.4,43526.0,43530.9,43530.3,6.03695520,11,2021-12-05 04:09:00,262794.09311568004,XBTEUR
1638677400,43531.0,43531.0,43514.8,43521.2,43530.2,2.55504471,14,2021-12-05 04:10:00,111198.611832852,XBTEUR
1638677460,43521.2,43521.2,43508.0,43518.9,43515.9,0.78173194,31,2021-12-05 04:11:00,34020.114123666004,XBTEUR
1638677520,43516.8,43516.8,43443.7,43446.0,43451.0,0.34603017,22,2021-12-05 04:12:00,15033.626765820001,XBTEUR
1638677580,43458.6,43462.0,43457.4,43462.0,43460.9,0.01418000,3,2021-12-05 04:13:00,616.29116,XBTEUR
1638677640,43459.3,43459.3,43437.3,43449.6,43443.2,0.25463640,11,2021-12-05 04:14:00,11063.849725439999,XBTEUR
1638677700,43462.3,43462.3,43422.1,43422.1,43434.3,0.00289560,3,2021-12-05 04:15:00,125.73303275999999,XBTEUR
1638677760,43444.7,43455.1,43444.3,43455.1,43447.8,0.10742525,6,2021-12-05 04:16:00,4668.1749812749995,XBTEUR
1638677820,43461.7,43461.7,43431.3,43431.3,43450.7,0.00861291,4,2021-12-05 04:17:00,374.069878083,XBTEUR
1638677880,43443.7,43443.7,43442.3,43442.3,43443.1,0.81701592,42,2021-12-05 04:18:00,35493.050701416,XBTEUR
1638677940,43443.5,43482.9,43443.5,43477.7,43472.0,1.11818558,39,2021-12-05 04:19:00,48616.137191566,XBTEUR
1638678000,43477.8,43494.3,43477.8,43494.3,43487.0,0.01322612,10,2021-12-05 04:20:00,575.260831116,XBTEUR
1638678060,43495.2,43495.2,43438.4,43438.4,43467.1,0.73320383,8,2021-12-05 04:21:00,31849.201249072,XBTEUR
1638678120,43414.8,43422.7,43414.8,43422.7,43415.4,0.00351400,2,2021-12-05 04:22:00,152.5873678,XBTEUR
1638678180,43428.0,43428.0,43428.0,43428.0,43428.0,0.01209386,1,2021-12-05 04:23:00,525.21215208,XBTEUR
1638678240,43437.2,43437.2,43390.0,43390.0,43424.1,0.06935088,10,2021-12-05 04:24:00,3009.1346832000004,XBTEUR
1638678300,43380.5,43380.6,43380.5,43380.6,43380.5,0.00385000,2,2021-12-05 04:25:00,167.01531,XBTEUR
1638678360,43386.6,43386.6,43386.6,43386.6,43386.6,0.00092343,2,2021-12-05 04:26:00,40.064488038,XBTEUR
1638678420,43386.6,43446.3,43386.6,43435.1,43436.1,0.43903833,15,2021-12-05 04:27:00,19069.673767383,XBTEUR
1638678480,43442.2,43462.6,43442.2,43457.3,43448.8,0.71540879,12,2021-12-05 04:28:00,31089.734409667002,XBTEUR
1638678540,43447.6,43447.6,43447.6,43447.6,43447.6,0.10384535,3,2021-12-05 04:29:00,4511.83122866,XBTEUR
1638678600,43442.5,43442.5,43419.8,43439.8,43421.6,0.01407601,3,2021-12-05 04:30:00,611.4590591980001,XBTEUR
1638678660,43460.2,43460.2,43430.5,43430.5,43431.7,0.00240000,2,2021-12-05 04:31:00,104.2332,XBTEUR
1638678720,43395.8,43401.9,43395.8,43401.9,43399.7,0.00199061,2,2021-12-05 04:32:00,86.396256159,XBTEUR
1638678780,43407.7,43435.2,43404.6,43412.3,43426.1,0.37187656,10,2021-12-05 04:33:00,16144.016785688002,XBTEUR
1638678840,43393.0,43399.5,43390.8,43398.6,43391.7,0.00527948,5,2021-12-05 04:34:00,229.12204072799997,XBTEUR
1638678900,43395.7,43395.8,43395.7,43395.8,43395.7,0.14597868,3,2021-12-05 04:35:00,6334.861601544,XBTEUR
1638678960,43386.9,43405.7,43386.9,43405.5,43389.8,0.02551995,6,2021-12-05 04:36:00,1107.706189725,XBTEUR
1638679020,43419.4,43441.5,43419.4,43433.0,43423.0,0.01702163,5,2021-12-05 04:37:00,739.30045579,XBTEUR
1638679080,43432.9,43442.0,43432.9,43442.0,43440.4,0.00841206,3,2021-12-05 04:38:00,365.43671052,XBTEUR
1638679140,43433.9,43433.9,43427.3,43427.3,43433.7,0.13486736,4,2021-12-05 04:39:00,5856.925302928,XBTEUR
1638679200,43447.8,43454.1,43447.8,43452.6,43448.3,0.01021700,3,2021-12-05 04:40:00,443.9552142,XBTEUR
1638679260,43464.9,43464.9,43464.9,43464.9,43464.9,0.00229217,2,2021-12-05 04:41:00,99.628939833,XBTEUR
1638679320,43452.7,43480.4,43452.7,43480.4,43467.0,0.24320768,8,2021-12-05 04:42:00,10574.767209472,XBTEUR
1638679380,43497.8,43497.8,43497.7,43497.7,43497.7,0.10066000,3,2021-12-05 04:43:00,4378.4784819999995,XBTEUR
1638679440,43565.9,43565.9,43565.9,43565.9,43565.9,0.00638149,1,2021-12-05 04:44:00,278.015355191,XBTEUR
1638679500,43570.0,43613.1,43543.6,43543.6,43587.8,0.19593370,22,2021-12-05 04:45:00,8531.658659319999,XBTEUR
1638679560,43533.3,43533.3,43510.2,43531.3,43530.8,0.02542438,10,2021-12-05 04:46:00,1106.756313094,XBTEUR
1638679620,43529.8,43529.8,43466.2,43466.2,43493.9,0.02222746,5,2021-12-05 04:47:00,966.143221852,XBTEUR
1638679680,43459.1,43459.1,43419.9,43437.6,43455.6,0.04190395,9,2021-12-05 04:48:00,1820.20701852,XBTEUR
1638679740,43441.3,43457.7,43441.3,43457.7,43441.5,0.07495549,3,2021-12-05 04:49:00,3257.393197773,XBTEUR
1638679800,43419.9,43442.0,43419.9,43431.7,43438.6,0.63100457,6,2021-12-05 04:50:00,27405.601182869,XBTEUR
1638679860,43443.3,43466.7,43443.3,43466.7,43449.9,0.00470037,4,2021-12-05 04:51:00,204.30957267899998,XBTEUR
1638679920,43462.1,43481.2,43462.1,43481.2,43470.9,0.02556932,3,2021-12-05 04:52:00,1111.784716784,XBTEUR
1638679980,43451.9,43451.9,43451.9,43451.9,43451.9,0.01650000,1,2021-12-05 04:53:00,716.95635,XBTEUR
1638680040,43428.6,43443.4,43420.3,43443.4,43441.2,0.28463358,8,2021-12-05 04:54:00,12365.450469372001,XBTEUR
1638680100,43434.4,43434.4,43387.2,43389.2,43415.6,0.18509544,5,2021-12-05 04:55:00,8031.143065247999,XBTEUR
1638680160,43359.7,43359.7,43297.1,43313.5,43308.8,0.39089358,17,2021-12-05 04:56:00,16930.96907733,XBTEUR
1638680220,43319.2,43354.1,43319.2,43354.1,43352.6,0.01055579,4,2021-12-05 04:57:00,457.63677523900003,XBTEUR
1638680280,43359.0,43359.0,43359.0,43359.0,43359.0,0.30000000,3,2021-12-05 04:58:00,13007.699999999999,XBTEUR
1638680340,43396.3,43398.7,43388.3,43398.7,43393.8,0.01728753,4,2021-12-05 04:59:00,750.2563282109999,XBTEUR
1638680400,43409.5,43413.8,43409.4,43413.8,43409.4,0.01540000,5,2021-12-05 05:00:00,668.57252,XBTEUR
1638680460,43403.1,43419.0,43403.1,43419.0,43417.5,0.00498811,2,2021-12-05 05:01:00,216.57874808999998,XBTEUR
1638680520,43425.3,43449.9,43422.8,43449.5,43439.3,0.36023345,10,2021-12-05 05:02:00,15651.963285775,XBTEUR
1638680580,43449.4,43449.4,43385.0,43385.0,43409.2,0.00536311,6,2021-12-05 05:03:00,232.67852735,XBTEUR
1638680640,43385.1,43385.1,43338.1,43355.6,43364.5,0.05670203,12,2021-12-05 05:04:00,2458.350531868,XBTEUR
1638680700,43365.6,43412.9,43358.8,43412.9,43400.2,0.08996283,12,2021-12-05 05:05:00,3905.547342507,XBTEUR
1638680760,43420.8,43449.4,43420.8,43449.4,43449.0,0.54657150,8,2021-12-05 05:06:00,23748.2037321,XBTEUR
1638680820,43439.2,43449.3,43432.9,43432.9,43440.0,0.02823282,5,2021-12-05 05:07:00,1226.233247778,XBTEUR
1638680880,43422.9,43449.3,43422.9,43449.3,43440.5,0.01821638,7,2021-12-05 05:08:00,791.4889595340001,XBTEUR
1638680940,43449.3,43454.9,43416.5,43454.9,43443.6,0.29762552,11,2021-12-05 05:09:00,12933.287209048,XBTEUR
1638681000,43449.6,43456.2,43440.0,43440.0,43440.5,0.20777000,4,2021-12-05 05:10:00,9025.5288,XBTEUR
1638681060,43423.2,43423.2,43423.2,43423.2,43423.2,0.00229300,1,2021-12-05 05:11:00,99.56939759999999,XBTEUR
1638681120,43397.7,43397.7,43397.7,43397.7,43397.7,0.14890271,2,2021-12-05 05:12:00,6462.0351377669995,XBTEUR
1638681180,43391.5,43392.7,43387.2,43387.2,43389.5,0.00958801,3,2021-12-05 05:13:00,415.9969074719999,XBTEUR
1638681240,43385.3,43385.3,43385.3,43385.3,43385.3,0.02728329,5,2021-12-05 05:14:00,1183.6937216370002,XBTEUR
1638681300,43417.8,43459.8,43417.8,43459.8,43442.4,1.04296374,14,2021-12-05 05:15:00,45326.995547652004,XBTEUR
1638681360,43468.4,43476.6,43468.4,43476.6,43476.3,0.13933513,5,2021-12-05 05:16:00,6057.817712958,XBTEUR
1638681420,43461.9,43461.9,43452.6,43454.3,43456.3,0.00220929,3,2021-12-05 05:17:00,96.00315044700001,XBTEUR
1638681480,43479.1,43504.8,43479.1,43501.5,43498.6,0.72849128,15,2021-12-05 05:18:00,31690.46341692,XBTEUR
1638681540,43519.5,43531.6,43509.2,43520.6,43514.7,0.41452123,8,2021-12-05 05:19:00,18040.212642338,XBTEUR
1638681600,43524.6,43524.6,43519.2,43519.2,43521.9,0.00022884,2,2021-12-05 05:20:00,9.958933728,XBTEUR
1638681660,43508.8,43530.7,43507.6,43530.7,43511.0,0.01595774,5,2021-12-05 05:21:00,694.651592618,XBTEUR
1638681720,43530.7,43599.1,43530.7,43584.2,43583.4,0.21686279,5,2021-12-05 05:22:00,9451.791211918,XBTEUR
1638681780,43587.6,43587.6,43550.5,43568.4,43566.6,0.06824088,4,2021-12-05 05:23:00,2973.145956192,XBTEUR
1638681840,43569.3,43569.3,43561.6,43561.6,43568.9,0.02711842,3,2021-12-05 05:24:00,1181.321764672,XBTEUR
1638681900,43575.8,43600.9,43575.7,43600.9,43575.9,0.18338129,11,2021-12-05 05:25:00,7995.589287161,XBTEUR
1638681960,43600.9,43600.9,43600.8,43600.9,43600.8,0.43171435,9,2021-12-05 05:26:00,18823.134202915,XBTEUR
1638682020,43600.9,43608.4,43600.8,43605.5,43602.7,0.88497383,15,2021-12-05 05:27:00,38589.726344065,XBTEUR
1638682080,43604.5,43604.5,43539.2,43539.2,43600.5,0.21549713,5,2021-12-05 05:28:00,9382.572642496,XBTEUR
1638682140,43521.0,43524.5,43521.0,43524.4,43524.2,0.21182000,7,2021-12-05 05:29:00,9219.338408000001,XBTEUR
1638682200,43526.4,43575.5,43524.0,43575.5,43570.6,0.11714399,6,2021-12-05 05:30:00,5104.607936245,XBTEUR
1638682260,43584.9,43604.5,43584.9,43604.5,43603.1,0.03743124,6,2021-12-05 05:31:00,1632.17050458,XBTEUR
1638682320,43603.6,43604.4,43603.5,43604.4,43603.6,0.13118704,5,2021-12-05 05:32:00,5720.332166976001,XBTEUR
1638682380,43604.4,43674.5,43604.4,43674.5,43623.1,0.49135041,18,2021-12-05 05:33:00,21459.483481545,XBTEUR
1638682440,43682.8,43694.9,43682.8,43694.9,43689.8,0.15179607,9,2021-12-05 05:34:00,6632.714099043001,XBTEUR
1638682500,43619.2,43628.6,43619.2,43622.6,43628.1,0.06653178,4,2021-12-05 05:35:00,2902.2892262279997,XBTEUR
1638682560,43652.6,43684.3,43652.6,43668.3,43669.5,0.07505299,20,2021-12-05 05:36:00,3277.4364832170004,XBTEUR
1638682620,43669.7,43718.3,43669.7,43702.4,43715.0,0.46598743,7,2021-12-05 05:37:00,20364.769060832,XBTEUR
1638682680,43637.6,43639.4,43637.6,43639.4,43637.6,0.01034339,2,2021-12-05 05:38:00,451.37933356599996,XBTEUR
1638682740,43641.1,43652.0,43640.2,43646.0,43641.8,0.05778693,5,2021-12-05 05:39:00,2522.16834678,XBTEUR
1638682800,43656.2,43656.2,43644.9,43644.9,43645.9,0.30389100,8,2021-12-05 05:40:00,13263.292305900002,XBTEUR
1638682860,43642.0,43675.4,43640.9,43671.6,43653.2,0.14115858,12,2021-12-05 05:41:00,6164.621042328,XBTEUR
1638682920,43672.4,43698.7,43657.0,43686.0,43677.6,0.97711409,20,2021-12-05 05:42:00,42686.20613574,XBTEUR
1638682980,43697.2,43702.3,43692.0,43702.3,43697.2,0.38212014,13,2021-12-05 05:43:00,16699.528994322,XBTEUR
1638683040,43723.5,43728.5,43716.8,43723.9,43720.6,2.76923717,16,2021-12-05 05:44:00,121081.849097363,XBTEUR
1638683100,43728.6,43741.1,43708.2,43708.2,43730.3,1.46148043,14,2021-12-05 05:45:00,63878.678930525995,XBTEUR
1638683160,43706.8,43752.9,43706.8,43752.9,43745.8,0.21238970,9,2021-12-05 05:46:00,9292.66530513,XBTEUR
1638683220,43752.2,43752.2,43673.5,43676.3,43730.5,3.48874290,13,2021-12-05 05:47:00,152375.38152327,XBTEUR
1638683280,43680.8,43733.2,43680.8,43732.8,43711.6,2.12094099,20,2021-12-05 05:48:00,92754.68812747199,XBTEUR
1638683340,43707.3,43707.3,43611.8,43640.5,43701.2,3.26576513,17,2021-12-05 05:49:00,142519.623155765,XBTEUR
1638683400,43648.8,43719.1,43648.8,43719.1,43659.4,1.47455341,13,2021-12-05 05:50:00,64466.14798713099,XBTEUR
1638683460,43718.9,43740.3,43718.9,43740.3,43728.6,0.24613152,23,2021-12-05 05:51:00,10765.866524256,XBTEUR
1638683520,43744.7,43800.0,43744.7,43799.4,43776.3,0.29053653,20,2021-12-05 05:52:00,12725.325692082,XBTEUR
1638683580,43800.0,43830.0,43800.0,43820.1,43816.3,4.50319595,13,2021-12-05 05:53:00,197330.496848595,XBTEUR
1638683640,43820.0,43820.1,43764.6,43812.2,43807.7,5.17606621,27,2021-12-05 05:54:00,226774.848005762,XBTEUR
1638683700,43812.6,43823.9,43795.8,43806.3,43805.3,4.67046308,36,2021-12-05 05:55:00,204595.70682140402,XBTEUR
1638683760,43805.2,43821.4,43805.2,43821.4,43820.4,1.54445624,19,2021-12-05 05:56:00,67680.234675536,XBTEUR
1638683820,43824.0,43839.2,43824.0,43839.2,43824.0,1.82015626,5,2021-12-05 05:57:00,79794.194313392,XBTEUR
1638683880,43848.3,43848.5,43821.8,43821.8,43839.1,5.67232148,21,2021-12-05 05:58:00,248571.337432264,XBTEUR
1638683940,43833.0,43847.4,43822.4,43847.4,43834.6,5.94438297,30,2021-12-05 05:59:00,260645.73783877803,XBTEUR
1638684000,43849.1,43856.1,43796.1,43796.3,43810.3,6.83817417,29,2021-12-05 06:00:00,299486.72740157106,XBTEUR
1638684060,43801.5,43810.0,43768.3,43768.3,43805.4,6.17485987,53,2021-12-05 06:01:00,270263.119248121,XBTEUR
1638684120,43794.7,43795.8,43777.8,43777.8,43780.1,6.52092750,55,2021-12-05 06:02:00,285471.8599095,XBTEUR
1638684180,43779.5,43781.9,43769.2,43780.8,43780.5,3.34271364,32,2021-12-05 06:03:00,146346.677330112,XBTEUR
1638684240,43780.9,43780.9,43766.8,43780.8,43778.5,3.26913915,48,2021-12-05 06:04:00,143125.52729832,XBTEUR
1638684300,43781.4,43800.7,43778.7,43792.5,43795.5,4.78544145,44,2021-12-05 06:05:00,209566.44469912502,XBTEUR
1638684360,43788.8,43792.3,43783.1,43785.3,43787.8,0.60497101,18,2021-12-05 06:06:00,26488.837164153,XBTEUR
1638684420,43785.5,43807.7,43782.4,43807.6,43803.8,1.34979602,27,2021-12-05 06:07:00,59131.324125752006,XBTEUR
1638684480,43807.5,43867.9,43806.5,43867.9,43819.6,7.36651243,26,2021-12-05 06:08:00,323153.43062799703,XBTEUR
1638684540,43851.0,43867.9,43799.1,43799.1,43830.8,4.60235125,33,2021-12-05 06:09:00,201578.842633875,XBTEUR
1638684600,43799.7,43799.7,43783.8,43799.0,43795.5,1.95335252,25,2021-12-05 06:10:00,85554.88702348,XBTEUR
1638684660,43799.4,43814.7,43799.4,43814.7,43807.2,3.53257391,10,2021-12-05 06:11:00,154778.666094477,XBTEUR
1638684720,43814.7,43837.8,43808.3,43837.6,43810.8,1.57156096,20,2021-12-05 06:12:00,68893.460740096,XBTEUR
1638684780,43837.8,43862.5,43837.8,43862.5,43841.9,4.82925711,16,2021-12-05 06:13:00,211823.28998737503,XBTEUR
1638684840,43862.4,43863.9,43793.4,43793.4,43812.4,14.76112797,28,2021-12-05 06:14:00,646439.981641398,XBTEUR
1638684900,43799.4,43800.6,43774.8,43775.6,43780.7,10.51249624,27,2021-12-05 06:15:00,460190.830403744,XBTEUR
1638684960,43774.8,43774.8,43733.1,43733.1,43753.2,15.75108012,43,2021-12-05 06:16:00,688843.561995972,XBTEUR
1638685020,43733.0,43747.0,43715.1,43747.0,43730.1,4.70291292,48,2021-12-05 06:17:00,205738.33151124002,XBTEUR
1638685080,43746.8,43747.0,43720.8,43733.6,43737.5,7.16631317,48,2021-12-05 06:18:00,313408.67365151196,XBTEUR
1638685140,43733.5,43751.5,43732.3,43751.4,43736.3,2.14814864,14,2021-12-05 06:19:00,93984.510408096,XBTEUR
1638685200,43740.7,43743.3,43716.6,43724.1,43731.4,7.23350100,22,2021-12-05 06:20:00,316278.3210741,XBTEUR
1638685260,43722.7,43738.1,43722.7,43733.5,43729.6,3.73519506,55,2021-12-05 06:21:00,163353.15315651,XBTEUR
1638685320,43735.4,43754.2,43735.4,43754.2,43742.3,5.32957892,37,2021-12-05 06:22:00,233191.461981464,XBTEUR
1638685380,43754.3,43794.6,43754.3,43794.6,43779.5,5.84146061,19,2021-12-05 06:23:00,255824.430830706,XBTEUR
1638685440,43795.4,43795.5,43772.5,43780.0,43788.4,7.51646332,24,2021-12-05 06:24:00,329070.7641496,XBTEUR
1638685500,43780.1,43799.7,43780.1,43799.7,43789.8,2.10795910,15,2021-12-05 06:25:00,92327.97619227,XBTEUR
1638685560,43800.3,43843.2,43800.3,43843.2,43838.9,3.56539641,9,2021-12-05 06:26:00,156318.38788291198,XBTEUR
1638685620,43857.4,43903.0,43853.0,43893.0,43863.0,6.29579298,26,2021-12-05 06:27:00,276341.24127114,XBTEUR
1638685680,43893.5,43905.9,43892.0,43905.9,43894.0,5.86099223,17,2021-12-05 06:28:00,257332.138751157,XBTEUR
1638685740,43906.0,43935.8,43906.0,43935.5,43930.8,2.47259630,13,2021-12-05 06:29:00,108634.75473865001,XBTEUR
1638685800,43921.8,43941.0,43915.5,43939.7,43924.5,7.91993147,27,2021-12-05 06:30:00,347999.412812359,XBTEUR
1638685860,43931.1,43940.3,43912.3,43922.0,43929.8,10.29486707,29,2021-12-05 06:31:00,452171.15144854004,XBTEUR
1638685920,43921.9,43937.9,43909.7,43937.9,43922.3,4.20260711,25,2021-12-05 06:32:00,184653.730938469,XBTEUR
1638685980,43937.9,43938.1,43922.5,43922.5,43936.8,4.20126592,46,2021-12-05 06:33:00,184530.1023712,XBTEUR
1638686040,43922.8,43924.2,43909.6,43909.6,43916.1,0.17793611,9,2021-12-05 06:34:00,7813.103415656,XBTEUR
1638686100,43929.2,43929.2,43804.8,43804.8,43883.1,1.52303864,40,2021-12-05 06:35:00,66716.40301747201,XBTEUR
1638686160,43809.6,43809.6,43790.2,43806.0,43801.2,0.58268435,17,2021-12-05 06:36:00,25525.070636099998,XBTEUR
1638686220,43807.1,43807.1,43773.6,43793.8,43787.2,0.45100519,16,2021-12-05 06:37:00,19751.231089822002,XBTEUR
1638686280,43794.0,43832.3,43794.0,43832.3,43812.8,0.29864181,15,2021-12-05 06:38:00,13090.157408463001,XBTEUR
1638686340,43839.3,43858.0,43839.3,43842.4,43848.1,0.01653593,8,2021-12-05 06:39:00,724.974857432,XBTEUR
1638686400,43850.2,43850.2,43786.7,43843.7,43810.6,0.05591484,22,2021-12-05 06:40:00,2451.513470508,XBTEUR
1638686460,43843.7,43881.1,43843.7,43859.3,43872.9,0.13527972,10,2021-12-05 06:41:00,5933.273823396,XBTEUR
1638686520,43859.3,43859.4,43829.6,43844.8,43839.7,0.20923287,24,2021-12-05 06:42:00,9173.773338576,XBTEUR
1638686580,43847.6,43847.6,43806.6,43809.7,43827.1,5.81933733,37,2021-12-05 06:43:00,254943.42262610098,XBTEUR
1638686640,43806.8,43844.6,43806.6,43806.6,43840.9,0.32763413,10,2021-12-05 06:44:00,14352.537279258,XBTEUR
1638686700,43806.7,43856.5,43806.7,43856.5,43841.1,0.02950121,9,2021-12-05 06:45:00,1293.819816365,XBTEUR
1638686760,43856.6,43875.0,43856.5,43866.8,43864.2,2.78711774,17,2021-12-05 06:46:00,122261.936477032,XBTEUR
1638686820,43863.1,43869.0,43842.2,43869.0,43849.6,2.60782254,17,2021-12-05 06:47:00,114402.56700725999,XBTEUR
1638686880,43868.9,43869.5,43859.3,43869.4,43869.2,2.95580843,14,2021-12-05 06:48:00,129669.54233904199,XBTEUR
1638686940,43869.4,43920.8,43869.4,43920.8,43894.2,4.35897369,34,2021-12-05 06:49:00,191449.61164375202,XBTEUR
1638687000,43922.0,43922.0,43873.3,43873.6,43894.4,3.62390510,20,2021-12-05 06:50:00,158993.76279536,XBTEUR
1638687060,43894.7,43901.7,43889.0,43901.7,43900.6,1.83771574,14,2021-12-05 06:51:00,80678.84510275799,XBTEUR
1638687120,43919.5,43934.4,43919.5,43925.3,43928.6,5.14665541,13,2021-12-05 06:52:00,226068.38288087302,XBTEUR
1638687180,43925.3,43947.0,43925.2,43943.6,43935.7,0.40066253,19,2021-12-05 06:53:00,17606.553953308,XBTEUR
1638687240,43943.6,43954.0,43941.6,43954.0,43952.7,0.39079324,15,2021-12-05 06:54:00,17176.92607096,XBTEUR
1638687300,43967.1,43967.1,43960.0,43962.2,43960.2,5.19674007,15,2021-12-05 06:55:00,228460.12630535397,XBTEUR
1638687360,43967.0,43970.1,43967.0,43969.2,43968.8,1.39650872,26,2021-12-05 06:56:00,61403.37121142399,XBTEUR
1638687420,43969.2,43996.8,43969.2,43994.8,43981.1,2.47471550,23,2021-12-05 06:57:00,108874.6134794,XBTEUR
1638687480,43986.7,43987.1,43978.0,43978.0,43985.5,1.52822822,16,2021-12-05 06:58:00,67208.42065916,XBTEUR
1638687540,43967.1,43967.1,43917.3,43923.0,43952.6,8.22849546,32,2021-12-05 06:59:00,361420.20608957997,XBTEUR
1638687600,43916.5,43943.9,43905.0,43943.9,43940.6,1.55852454,17,2021-12-05 07:00:00,68487.646533306,XBTEUR
1638687660,43944.0,44000.0,43944.0,43997.5,43974.2,0.88074490,33,2021-12-05 07:01:00,38750.573737750005,XBTEUR
1638687720,43999.9,44039.9,43999.9,44019.2,44004.6,1.19561864,22,2021-12-05 07:02:00,52630.17603788799,XBTEUR
1638687780,44019.3,44031.9,43984.0,43984.1,44020.9,1.27055084,20,2021-12-05 07:03:00,55884.035201644,XBTEUR
1638687840,44000.4,44035.7,44000.4,44035.7,44020.5,3.00847709,7,2021-12-05 07:04:00,132480.39459211298,XBTEUR
1638687900,44037.3,44063.1,44019.8,44063.1,44041.0,4.92552162,18,2021-12-05 07:05:00,217033.75169422198,XBTEUR
1638687960,44051.7,44068.4,44042.5,44068.4,44059.1,2.42143349,23,2021-12-05 07:06:00,106708.69961071601,XBTEUR
1638688020,44071.2,44078.7,44071.2,44071.5,44072.4,6.80551065,21,2021-12-05 07:07:00,299929.062611475,XBTEUR
1638688080,44071.4,44071.4,44041.8,44048.6,44050.7,3.00536250,20,2021-12-05 07:08:00,132382.0106175,XBTEUR
1638688140,44048.6,44054.8,44048.1,44048.2,44050.4,6.09909283,11,2021-12-05 07:09:00,268654.060794406,XBTEUR
1638688200,44048.2,44048.4,44048.2,44048.4,44048.3,6.79114793,29,2021-12-05 07:10:00,299139.200479812,XBTEUR
1638688260,44048.3,44048.3,44015.2,44017.9,44036.3,4.14384629,28,2021-12-05 07:11:00,182403.411608591,XBTEUR
1638688320,44017.8,44018.7,44017.7,44018.3,44018.0,2.98987516,17,2021-12-05 07:12:00,131609.221755428,XBTEUR
1638688380,44020.7,44026.1,44020.7,44021.7,44021.4,4.67706630,24,2021-12-05 07:13:00,205892.40953871,XBTEUR
1638688440,44020.8,44029.4,44020.6,44029.3,44021.1,3.19017081,21,2021-12-05 07:14:00,140460.98764473302,XBTEUR
1638688500,44025.4,44029.3,43961.8,43979.4,44009.0,4.74585010,27,2021-12-05 07:15:00,208719.63988794002,XBTEUR
1638688560,43969.2,43972.4,43957.9,43961.2,43967.3,1.85390642,24,2021-12-05 07:16:00,81499.950910904,XBTEUR
1638688620,43961.1,43965.0,43961.1,43965.0,43962.8,1.13443519,7,2021-12-05 07:17:00,49875.44312835,XBTEUR
1638688680,43966.8,43967.1,43956.2,43966.7,43962.3,2.37251274,25,2021-12-05 07:18:00,104311.55588575799,XBTEUR
1638688740,43976.2,44013.2,43976.2,44013.2,44001.7,0.67852848,15,2021-12-05 07:19:00,29864.209695936,XBTEUR
1638688800,44013.8,44014.0,43971.5,43972.4,44002.2,0.37451928,17,2021-12-05 07:20:00,16468.511587872003,XBTEUR
1638688860,43971.5,43984.5,43971.5,43984.5,43978.2,1.68711399,25,2021-12-05 07:21:00,74206.865293155,XBTEUR
1638688920,43982.7,43989.7,43972.2,43989.7,43988.3,2.54635094,27,2021-12-05 07:22:00,112013.21394531798,XBTEUR
1638688980,44002.8,44018.7,44002.7,44009.4,44006.0,2.79653313,21,2021-12-05 07:23:00,123073.745131422,XBTEUR
1638689040,44001.5,44022.1,43985.4,44019.6,44014.2,0.92989750,42,2021-12-05 07:24:00,40933.715991,XBTEUR
1638689100,44019.9,44042.2,44019.9,44042.2,44028.3,1.11167339,18,2021-12-05 07:25:00,48960.541777057995,XBTEUR
1638689160,44043.9,44075.1,44043.9,44075.1,44065.4,4.16464452,25,2021-12-05 07:26:00,183557.12368345202,XBTEUR
1638689220,44079.6,44079.7,44020.2,44020.2,44034.1,7.70517756,23,2021-12-05 07:27:00,339183.45722671197,XBTEUR
1638689280,44015.4,44016.5,44014.6,44015.9,44015.2,0.71307580,15,2021-12-05 07:28:00,31386.67310522,XBTEUR
1638689340,44015.9,44016.3,44002.9,44006.4,44014.7,4.78538602,25,2021-12-05 07:29:00,210587.611350528,XBTEUR
1638689400,44003.3,44003.3,43971.0,43979.6,43995.4,5.20770244,26,2021-12-05 07:30:00,229032.670230224,XBTEUR
1638689460,43976.8,43997.7,43973.4,43973.4,43979.3,0.96756932,31,2021-12-05 07:31:00,42547.312736088,XBTEUR
1638689520,43973.1,43987.3,43956.1,43987.0,43969.5,1.31325540,20,2021-12-05 07:32:00,57766.16527980001,XBTEUR
1638689580,43986.2,44008.4,43986.2,44005.8,43990.6,1.12807066,24,2021-12-05 07:33:00,49641.651849828,XBTEUR
1638689640,44008.0,44008.4,43986.4,43990.6,43991.4,4.79138933,27,2021-12-05 07:34:00,210776.09146029802,XBTEUR
1638689700,43986.3,43986.4,43925.8,43944.7,43957.2,7.87222327,45,2021-12-05 07:35:00,345942.489933169,XBTEUR
1638689760,43949.3,43962.1,43936.4,43957.1,43947.6,2.21302305,18,2021-12-05 07:36:00,97278.075511155,XBTEUR
1638689820,43940.0,43979.8,43936.7,43972.2,43956.9,4.01071193,45,2021-12-05 07:37:00,176359.827128346,XBTEUR
1638689880,43982.0,44000.1,43976.7,43987.5,43986.9,2.37276414,46,2021-12-05 07:38:00,104371.96260825,XBTEUR
1638689940,43998.1,44000.7,43989.5,43998.0,43997.8,2.79027177,39,2021-12-05 07:39:00,122766.37733645999,XBTEUR
1638690000,43997.9,43997.9,43972.9,43972.9,43994.1,0.37784941,14,2021-12-05 07:40:00,16615.134320989,XBTEUR
1638690060,43972.8,43972.8,43895.5,43895.5,43925.8,1.03765506,32,2021-12-05 07:41:00,45548.38768623,XBTEUR
1638690120,43910.9,43934.3,43907.5,43934.3,43923.6,1.07689024,19,2021-12-05 07:42:00,47312.418871232,XBTEUR
1638690180,43927.7,43927.7,43889.6,43897.1,43909.3,0.21242664,7,2021-12-05 07:43:00,9324.913458744,XBTEUR
1638690240,43910.4,43916.9,43908.6,43909.7,43913.3,4.01126783,15,2021-12-05 07:44:00,176133.567034951,XBTEUR
1638690300,43918.0,43918.0,43882.7,43886.3,43899.2,3.07828400,22,2021-12-05 07:45:00,135094.4951092,XBTEUR
1638690360,43899.0,43918.0,43875.6,43883.7,43902.4,1.90543709,26,2021-12-05 07:46:00,83617.62962643299,XBTEUR
1638690420,43880.8,43880.9,43866.4,43866.4,43873.2,2.17006324,11,2021-12-05 07:47:00,95192.86211113601,XBTEUR
1638690480,43866.4,43873.1,43846.5,43846.5,43858.3,6.14481725,32,2021-12-05 07:48:00,269428.729552125,XBTEUR
1638690540,43846.5,43846.5,43828.1,43835.7,43830.9,2.23094869,20,2021-12-05 07:49:00,97795.197490233,XBTEUR
1638690600,43835.8,43859.5,43818.2,43845.6,43842.2,4.40637350,41,2021-12-05 07:50:00,193200.0899316,XBTEUR
1638690660,43850.8,43891.8,43850.8,43887.6,43881.6,2.49737106,27,2021-12-05 07:51:00,109603.62213285599,XBTEUR
1638690720,43882.9,43884.2,43783.8,43809.2,43871.6,2.51983823,26,2021-12-05 07:52:00,110392.096985716,XBTEUR
1638690780,43809.1,43819.9,43801.1,43801.1,43817.9,1.86231800,29,2021-12-05 07:53:00,81571.5769498,XBTEUR
1638690840,43798.3,43801.0,43758.3,43764.7,43799.4,0.70128387,15,2021-12-05 07:54:00,30691.478185388998,XBTEUR
1638690900,43763.0,43770.2,43757.8,43765.3,43758.3,1.34995965,14,2021-12-05 07:55:00,59081.389070145,XBTEUR
1638690960,43762.9,43770.3,43761.1,43761.1,43764.7,1.68731912,14,2021-12-05 07:56:00,73838.940742232,XBTEUR
1638691020,43761.1,43761.3,43751.1,43753.1,43757.3,2.33924354,21,2021-12-05 07:57:00,102349.156529974,XBTEUR
1638691080,43750.2,43757.1,43750.2,43755.2,43753.0,0.62688448,13,2021-12-05 07:58:00,27429.455799295996,XBTEUR
1638691140,43763.5,43797.5,43763.5,43797.5,43782.2,2.36871589,58,2021-12-05 07:59:00,103743.834192275,XBTEUR
1638691200,43797.5,43815.3,43795.4,43802.3,43802.5,4.57509166,35,2021-12-05 08:00:00,200399.537418818,XBTEUR
1638691260,43802.3,43807.2,43764.0,43774.5,43797.5,8.64476163,54,2021-12-05 08:01:00,378420.11797243496,XBTEUR
1638691320,43774.4,43776.2,43722.4,43722.4,43760.2,4.56918668,39,2021-12-05 08:02:00,199775.807697632,XBTEUR
1638691380,43711.7,43711.7,43676.8,43710.1,43702.5,4.34396576,64,2021-12-05 08:03:00,189875.17776617597,XBTEUR
1638691440,43710.2,43735.5,43710.2,43735.5,43727.3,2.03255043,11,2021-12-05 08:04:00,88894.609331265,XBTEUR
1638691500,43744.7,43744.7,43711.8,43712.0,43719.8,6.61530969,23,2021-12-05 08:05:00,289168.41716928,XBTEUR
1638691560,43703.0,43712.0,43701.0,43712.0,43711.6,0.66000334,13,2021-12-05 08:06:00,28850.06599808,XBTEUR
1638691620,43712.0,43819.2,43712.0,43819.2,43781.3,2.47312770,34,2021-12-05 08:07:00,108370.47731183999,XBTEUR
1638691680,43832.2,43834.0,43802.4,43831.5,43823.3,0.92599823,37,2021-12-05 08:08:00,40587.891418245,XBTEUR
1638691740,43823.6,43849.0,43818.5,43848.8,43824.2,2.33782638,28,2021-12-05 08:09:00,102510.88137134402,XBTEUR
1638691800,43844.0,43883.6,43837.0,43883.5,43864.3,0.39886953,20,2021-12-05 08:10:00,17503.791019755,XBTEUR
1638691860,43883.6,43932.5,43883.6,43917.2,43908.0,0.72624579,24,2021-12-05 08:11:00,31894.681608588,XBTEUR
1638691920,43902.7,43917.3,43902.4,43903.8,43906.1,1.49646340,22,2021-12-05 08:12:00,65700.42982092,XBTEUR
1638691980,43885.1,43897.9,43855.9,43897.9,43875.3,0.81051725,22,2021-12-05 08:13:00,35580.005188775,XBTEUR
1638692040,43892.6,43906.0,43873.9,43875.9,43880.4,2.58876217,27,2021-12-05 08:14:00,113584.270094703,XBTEUR
1638692100,43874.5,43876.0,43847.6,43876.0,43875.6,4.56495798,13,2021-12-05 08:15:00,200292.09633048,XBTEUR
1638692160,43876.0,43898.6,43876.0,43898.6,43877.8,1.80995318,26,2021-12-05 08:16:00,79454.410667548,XBTEUR
1638692220,43898.4,43910.8,43884.6,43894.9,43896.4,2.19805041,44,2021-12-05 08:17:00,96483.20294190901,XBTEUR
1638692280,43883.5,43908.8,43869.3,43908.8,43890.3,1.83317532,31,2021-12-05 08:18:00,80492.52849081601,XBTEUR
1638692340,43904.4,43949.5,43904.4,43949.5,43924.9,13.83956640,74,2021-12-05 08:19:00,608242.0234968,XBTEUR
1638692400,43942.3,43950.0,43942.3,43946.0,43949.8,0.29112354,13,2021-12-05 08:20:00,12793.715088840001,XBTEUR
1638692460,43945.9,43946.0,43921.3,43921.3,43938.9,0.20726492,14,2021-12-05 08:21:00,9103.344730796,XBTEUR
1638692520,43921.6,43948.3,43906.1,43906.4,43915.7,1.96359933,27,2021-12-05 08:22:00,86214.57762271201,XBTEUR
1638692580,43898.3,43899.8,43856.7,43870.8,43884.2,1.62988774,20,2021-12-05 08:23:00,71504.47906399201,XBTEUR
1638692640,43840.8,43850.7,43802.4,43802.4,43823.2,2.32813111,41,2021-12-05 08:24:00,101977.73013266402,XBTEUR
1638692700,43812.8,43831.2,43800.0,43802.9,43814.5,4.77417318,41,2021-12-05 08:25:00,209122.630386222,XBTEUR
1638692760,43800.3,43829.4,43800.3,43806.5,43808.8,1.38477516,13,2021-12-05 08:26:00,60662.15304654,XBTEUR
1638692820,43818.9,43829.2,43812.3,43829.2,43818.3,0.23238091,19,2021-12-05 08:27:00,10185.069380571998,XBTEUR
1638692880,43829.3,43840.4,43829.3,43840.4,43830.1,2.83454808,20,2021-12-05 08:28:00,124267.721646432,XBTEUR
1638692940,43840.4,43845.1,43832.5,43845.1,43840.5,0.52021804,31,2021-12-05 08:29:00,22809.011985604,XBTEUR
1638693000,43840.1,43840.2,43811.0,43838.6,43830.3,4.14148861,33,2021-12-05 08:30:00,181557.06257834597,XBTEUR
1638693060,43837.6,43866.1,43837.5,43859.6,43842.0,4.08060767,28,2021-12-05 08:31:00,178973.82016313198,XBTEUR
1638693120,43859.6,43874.3,43859.5,43859.6,43861.6,4.10433803,25,2021-12-05 08:32:00,180014.624260588,XBTEUR
1638693180,43859.6,43859.6,43859.5,43859.6,43859.5,4.76838998,13,2021-12-05 08:33:00,209139.67716680802,XBTEUR
1638693240,43859.5,43874.3,43859.5,43874.3,43861.0,4.51689325,25,2021-12-05 08:34:00,198175.529518475,XBTEUR
1638693300,43874.4,43890.2,43874.3,43890.2,43875.6,1.28970314,14,2021-12-05 08:35:00,56605.328755228,XBTEUR
1638693360,43899.5,43907.9,43891.1,43899.6,43898.3,1.30680399,17,2021-12-05 08:36:00,57368.17243940399,XBTEUR
1638693420,43899.6,43933.7,43899.6,43933.6,43904.6,2.33753551,26,2021-12-05 08:37:00,102696.35008213599,XBTEUR
1638693480,43925.4,43950.0,43913.2,43950.0,43929.2,0.87472328,20,2021-12-05 08:38:00,38444.088156,XBTEUR
1638693540,43950.0,43953.4,43901.3,43910.6,43926.9,2.69620389,34,2021-12-05 08:39:00,118391.930532234,XBTEUR
1638693600,43916.2,43916.2,43902.0,43916.1,43907.8,2.19936249,27,2021-12-05 08:40:00,96587.42304708899,XBTEUR
1638693660,43916.2,43937.9,43916.2,43937.9,43925.9,0.90489817,21,2021-12-05 08:41:00,39759.325303642996,XBTEUR
1638693720,43938.0,43964.2,43938.0,43964.2,43953.7,0.79508955,18,2021-12-05 08:42:00,34955.47599411,XBTEUR
1638693780,43972.4,43978.9,43939.4,43963.4,43956.5,4.45170555,32,2021-12-05 08:43:00,195712.11177687,XBTEUR
1638693840,43947.7,43961.5,43935.6,43961.4,43954.0,0.52414263,22,2021-12-05 08:44:00,23042.043814482004,XBTEUR
1638693900,43961.4,43961.5,43946.0,43956.3,43950.1,0.19113815,14,2021-12-05 08:45:00,8401.725862845002,XBTEUR
1638693960,43973.1,44037.8,43973.1,44021.3,44001.9,2.39953241,39,2021-12-05 08:46:00,105630.53608033301,XBTEUR
1638694020,44021.4,44021.8,44021.2,44021.5,44021.3,0.83440405,18,2021-12-05 08:47:00,36731.717887075,XBTEUR
1638694080,44021.6,44021.7,44005.9,44009.2,44011.1,0.89106063,29,2021-12-05 08:48:00,39214.865477796,XBTEUR
1638694140,44011.5,44030.9,43946.3,44002.5,44013.8,2.37490113,29,2021-12-05 08:49:00,104501.586972825,XBTEUR
1638694200,44002.5,44017.3,44000.3,44000.3,44013.2,1.56304821,29,2021-12-05 08:50:00,68774.590154463,XBTEUR
1638694260,44000.3,44006.5,43964.3,43984.8,43989.7,2.59577328,31,2021-12-05 08:51:00,114174.56856614401,XBTEUR
1638694320,43986.2,44002.1,43956.7,44000.4,43977.3,0.29601377,26,2021-12-05 08:52:00,13024.724285508,XBTEUR
1638694380,44001.5,44002.8,43996.7,44002.8,43999.6,1.75401553,20,2021-12-05 08:53:00,77181.594563484,XBTEUR
1638694440,44002.8,44011.2,43964.4,43974.1,44003.7,1.39411409,35,2021-12-05 08:54:00,61304.91240506899,XBTEUR
1638694500,43974.1,43995.8,43971.7,43994.7,43983.9,2.60707725,30,2021-12-05 08:55:00,114697.581490575,XBTEUR
1638694560,43987.0,44000.0,43986.0,44000.0,43993.5,0.69909493,23,2021-12-05 08:56:00,30760.17692,XBTEUR
1638694620,44001.1,44008.9,43980.4,43987.0,44000.8,2.54199733,44,2021-12-05 08:57:00,111814.83655471,XBTEUR
1638694680,43987.0,44001.6,43982.3,43992.1,43989.0,1.58336898,29,2021-12-05 08:58:00,69655.72650505799,XBTEUR
1638694740,43985.0,43990.2,43962.7,43987.9,43983.3,1.48453046,33,2021-12-05 08:59:00,65301.377421434,XBTEUR
1638694800,43977.5,43979.0,43947.6,43955.5,43965.3,2.67589144,31,2021-12-05 09:00:00,117620.14619092,XBTEUR
1638694860,43955.5,43977.0,43931.7,43944.6,43960.9,2.77214477,32,2021-12-05 09:01:00,121820.793059742,XBTEUR
1638694920,43936.7,43946.2,43936.7,43943.3,43942.6,1.83628192,37,2021-12-05 09:02:00,80692.287295136,XBTEUR
1638694980,43942.1,43944.8,43942.0,43942.8,43942.6,1.93153730,45,2021-12-05 09:03:00,84877.15726644,XBTEUR
1638695040,43942.9,43945.7,43899.9,43900.0,43913.6,4.32920182,28,2021-12-05 09:04:00,190051.959898,XBTEUR
1638695100,43900.0,43900.0,43899.9,43900.0,43899.9,0.19811811,16,2021-12-05 09:05:00,8697.385029,XBTEUR
1638695160,43899.9,43899.9,43861.4,43883.8,43886.4,1.32519040,38,2021-12-05 09:06:00,58154.390475520006,XBTEUR
1638695220,43867.8,43867.8,43775.0,43775.0,43827.0,2.01915085,37,2021-12-05 09:07:00,88388.32845875,XBTEUR
1638695280,43775.0,43775.0,43624.3,43647.6,43705.0,3.13252446,60,2021-12-05 09:08:00,136727.174620296,XBTEUR
1638695340,43623.8,43672.8,43595.3,43636.1,43612.5,5.10981325,45,2021-12-05 09:09:00,222972.321958325,XBTEUR
1638695400,43636.0,43644.0,43526.5,43642.5,43600.3,3.04585986,61,2021-12-05 09:10:00,132928.93894005002,XBTEUR
1638695460,43640.2,43640.2,43583.4,43593.7,43601.2,1.03634162,25,2021-12-05 09:11:00,45177.965679794,XBTEUR
1638695520,43590.9,43591.5,43545.1,43558.8,43574.5,2.18117642,26,2021-12-05 09:12:00,95009.427443496,XBTEUR
1638695580,43554.5,43556.1,43511.2,43511.2,43547.8,2.51904163,40,2021-12-05 09:13:00,109606.52417125598,XBTEUR
1638695640,43511.3,43559.1,43466.5,43548.8,43492.8,3.34074717,63,2021-12-05 09:14:00,145485.53035689602,XBTEUR
1638695700,43526.6,43580.1,43492.5,43545.6,43508.5,22.23218282,105,2021-12-05 09:15:00,968113.7402065919,XBTEUR
1638695760,43554.5,43604.3,43545.0,43602.2,43571.4,1.32280627,36,2021-12-05 09:16:00,57677.263545794,XBTEUR
1638695820,43584.5,43604.3,43472.5,43477.2,43554.5,0.55172642,29,2021-12-05 09:17:00,23987.519907624002,XBTEUR
1638695880,43507.9,43516.2,43375.0,43392.4,43409.2,4.91375185,56,2021-12-05 09:18:00,213219.48577594,XBTEUR
1638695940,43377.5,43457.1,43377.5,43400.2,43410.7,0.86040263,26,2021-12-05 09:19:00,37341.646222526,XBTEUR
1638696000,43391.9,43458.7,43375.0,43377.3,43401.9,0.60884125,33,2021-12-05 09:20:00,26409.889553625002,XBTEUR
1638696060,43377.3,43377.3,43300.1,43348.5,43340.6,1.77048810,46,2021-12-05 09:21:00,76748.00340285,XBTEUR
1638696120,43329.8,43383.8,43302.2,43373.1,43350.5,1.38776021,32,2021-12-05 09:22:00,60191.462364351,XBTEUR
1638696180,43386.7,43386.7,43330.7,43352.5,43360.9,1.76302641,66,2021-12-05 09:23:00,76431.602439525,XBTEUR
1638696240,43353.9,43379.2,43353.9,43379.1,43373.2,0.89346256,29,2021-12-05 09:24:00,38757.601736496,XBTEUR
1638696300,43379.2,43447.0,43379.1,43406.3,43383.5,0.61534414,25,2021-12-05 09:25:00,26709.812344082,XBTEUR
1638696360,43422.0,43434.1,43401.7,43422.3,43419.8,0.45202107,23,2021-12-05 09:26:00,19627.794507861003,XBTEUR
1638696420,43422.3,43442.3,43422.2,43422.3,43433.1,0.82993077,28,2021-12-05 09:27:00,36037.502874171005,XBTEUR
1638696480,43422.4,43463.4,43422.4,43463.4,43449.9,0.17964305,15,2021-12-05 09:28:00,7807.897739370001,XBTEUR
1638696540,43457.8,43536.0,43457.8,43536.0,43470.5,0.46627385,24,2021-12-05 09:29:00,20299.6983336,XBTEUR
1638696600,43566.7,43587.9,43543.5,43587.9,43585.2,1.96363329,19,2021-12-05 09:30:00,85590.651481191,XBTEUR
1638696660,43603.7,43625.0,43603.6,43624.9,43619.4,0.67618659,27,2021-12-05 09:31:00,29498.572370091002,XBTEUR
1638696720,43625.0,43634.0,43625.0,43634.0,43627.9,0.22666506,11,2021-12-05 09:32:00,9890.30322804,XBTEUR
1638696780,43663.8,43663.8,43633.1,43633.1,43635.0,1.82756314,24,2021-12-05 09:33:00,79742.245243934,XBTEUR
1638696840,43633.2,43633.2,43514.9,43514.9,43600.1,4.82663158,43,2021-12-05 09:34:00,210030.390540542,XBTEUR
1638696900,43537.7,43537.7,43501.1,43501.1,43514.8,0.45403769,20,2021-12-05 09:35:00,19751.138956459,XBTEUR
1638696960,43519.8,43519.8,43466.6,43508.7,43502.5,4.45866327,27,2021-12-05 09:36:00,193990.64261544897,XBTEUR
1638697020,43529.6,43688.9,43529.6,43634.8,43613.4,0.68394103,46,2021-12-05 09:37:00,29843.630055844,XBTEUR
1638697080,43632.2,43689.2,43632.2,43689.2,43657.2,2.17053750,54,2021-12-05 09:38:00,94829.046945,XBTEUR
1638697140,43673.3,43694.7,43663.3,43694.7,43683.6,0.27085240,16,2021-12-05 09:39:00,11834.814362279998,XBTEUR
1638697200,43687.1,43726.4,43687.1,43687.1,43708.0,0.27582399,15,2021-12-05 09:40:00,12049.950233529,XBTEUR
1638697260,43683.1,43683.1,43612.9,43655.0,43676.7,0.34436431,12,2021-12-05 09:41:00,15033.223953050001,XBTEUR
1638697320,43678.6,43678.6,43616.2,43648.9,43627.9,0.41334433,16,2021-12-05 09:42:00,18042.025325737,XBTEUR
1638697380,43669.0,43688.6,43656.3,43666.9,43677.4,0.19045679,19,2021-12-05 09:43:00,8316.657603251,XBTEUR
1638697440,43673.6,43700.0,43673.6,43693.2,43695.4,0.49619551,28,2021-12-05 09:44:00,21680.369657532,XBTEUR
1638697500,43699.8,43700.0,43684.8,43700.0,43694.4,0.33694901,27,2021-12-05 09:45:00,14724.671737,XBTEUR
1638697560,43700.0,43737.8,43700.0,43737.3,43716.8,0.55381843,22,2021-12-05 09:46:00,24222.522818439,XBTEUR
1638697620,43737.3,43737.3,43689.7,43707.8,43725.9,0.65348626,26,2021-12-05 09:47:00,28562.446754828,XBTEUR
1638697680,43707.9,43727.5,43707.9,43726.9,43724.1,0.31522525,20,2021-12-05 09:48:00,13783.822984225,XBTEUR
1638697740,43714.4,43719.4,43673.7,43677.6,43706.5,0.20990913,20,2021-12-05 09:49:00,9168.327016488,XBTEUR
1638697800,43673.4,43677.1,43666.0,43666.0,43669.7,0.12818318,13,2021-12-05 09:50:00,5597.24673788,XBTEUR
1638697860,43666.0,43666.3,43561.1,43561.1,43643.3,0.79695038,31,2021-12-05 09:51:00,34716.035198218,XBTEUR
1638697920,43566.2,43592.1,43561.1,43592.1,43573.1,3.73385999,21,2021-12-05 09:52:00,162766.798070079,XBTEUR
1638697980,43577.3,43582.8,43577.2,43577.5,43577.3,4.98829630,29,2021-12-05 09:53:00,217377.48201325,XBTEUR
1638698040,43588.3,43593.1,43577.2,43581.0,43579.1,3.89709947,27,2021-12-05 09:54:00,169839.49200207,XBTEUR
1638698100,43581.1,43581.1,43550.0,43552.2,43577.0,5.71251120,42,2021-12-05 09:55:00,248792.43028463997,XBTEUR
1638698160,43553.1,43553.2,43535.2,43535.2,43540.4,0.36301564,12,2021-12-05 09:56:00,15803.958490527997,XBTEUR
1638698220,43538.1,43548.3,43486.4,43486.4,43535.8,6.74623380,31,2021-12-05 09:57:00,293369.42152032,XBTEUR
1638698280,43499.0,43504.5,43473.0,43504.5,43489.8,3.89029301,45,2021-12-05 09:58:00,169245.252253545,XBTEUR
1638698340,43508.5,43529.2,43501.0,43529.1,43507.4,1.91200210,21,2021-12-05 09:59:00,83227.73061111,XBTEUR
1638698400,43545.4,43549.9,43495.4,43495.4,43540.4,0.86635403,25,2021-12-05 10:00:00,37682.415076462,XBTEUR
1638698460,43490.4,43494.7,43429.2,43429.2,43443.4,8.51231194,60,2021-12-05 10:01:00,369682.89770464797,XBTEUR
1638698520,43430.6,43549.4,43422.2,43514.3,43485.6,2.53945616,44,2021-12-05 10:02:00,110502.657183088,XBTEUR
1638698580,43507.0,43542.9,43449.5,43453.7,43510.3,7.86064645,36,2021-12-05 10:03:00,341574.172644365,XBTEUR
1638698640,43449.5,43459.3,43435.8,43455.1,43450.5,1.31726997,15,2021-12-05 10:04:00,57242.098273346994,XBTEUR
1638698700,43459.4,43513.6,43459.4,43509.4,43476.2,2.77896013,31,2021-12-05 10:05:00,120910.88788022201,XBTEUR
1638698760,43513.6,43513.7,43486.7,43494.2,43494.8,5.25493679,17,2021-12-05 10:06:00,228559.271731618,XBTEUR
1638698820,43486.7,43504.0,43469.5,43504.0,43487.7,4.10459318,22,2021-12-05 10:07:00,178566.22170272,XBTEUR
1638698880,43506.7,43574.0,43506.7,43570.2,43518.9,2.49418259,25,2021-12-05 10:08:00,108672.03428281799,XBTEUR
1638698940,43574.0,43600.4,43561.9,43589.0,43587.4,0.75207019,22,2021-12-05 10:09:00,32781.987511909996,XBTEUR
1638699000,43597.5,43618.2,43597.5,43618.2,43610.3,0.46813848,22,2021-12-05 10:10:00,20419.357848336,XBTEUR
1638699060,43618.2,43638.3,43604.7,43604.8,43625.9,2.28766713,30,2021-12-05 10:11:00,99753.26767022401,XBTEUR
1638699120,43615.9,43663.9,43615.8,43663.9,43639.0,1.62246452,26,2021-12-05 10:12:00,70843.128554828,XBTEUR
1638699180,43653.8,43671.8,43647.4,43671.4,43662.8,0.10467360,17,2021-12-05 10:13:00,4571.2426550400005,XBTEUR
1638699240,43671.2,43671.6,43600.5,43600.5,43616.9,2.73546578,22,2021-12-05 10:14:00,119267.67574089,XBTEUR
1638699300,43630.6,43667.1,43619.7,43655.3,43634.7,3.62963788,30,2021-12-05 10:15:00,158452.93054276402,XBTEUR
1638699360,43655.4,43664.5,43655.4,43657.8,43657.9,2.84949406,28,2021-12-05 10:16:00,124402.64177266801,XBTEUR
1638699420,43657.8,43657.8,43623.1,43631.4,43642.9,3.01861187,28,2021-12-05 10:17:00,131706.261944718,XBTEUR
1638699480,43632.3,43664.7,43632.3,43664.7,43658.4,0.27748006,19,2021-12-05 10:18:00,12116.083575881998,XBTEUR
1638699540,43663.8,43669.9,43663.8,43669.9,43669.0,3.28750862,17,2021-12-05 10:19:00,143565.172684538,XBTEUR
1638699600,43669.9,43718.0,43669.8,43718.0,43697.6,2.16190483,24,2021-12-05 10:20:00,94514.15535794,XBTEUR
1638699660,43722.5,43764.6,43722.5,43764.6,43745.4,0.81818547,30,2021-12-05 10:21:00,35807.559820361996,XBTEUR
1638699720,43757.2,43757.5,43685.0,43712.6,43727.3,4.45584606,50,2021-12-05 10:22:00,194776.61648235598,XBTEUR
1638699780,43719.5,43753.4,43711.8,43753.4,43736.6,0.45318137,20,2021-12-05 10:23:00,19828.225754158,XBTEUR
1638699840,43744.5,43763.4,43742.9,43763.4,43758.7,1.14682968,22,2021-12-05 10:24:00,50189.166017712,XBTEUR
1638699900,43762.3,43764.5,43758.6,43762.3,43759.3,2.39934400,28,2021-12-05 10:25:00,105000.81193120002,XBTEUR
1638699960,43763.6,43779.6,43763.6,43779.5,43766.0,2.23909363,22,2021-12-05 10:26:00,98026.39957458501,XBTEUR
1638700020,43775.3,43775.3,43763.6,43769.9,43770.1,10.73690641,28,2021-12-05 10:27:00,469953.319875059,XBTEUR
1638700080,43768.7,43772.9,43763.5,43772.9,43769.1,1.72607385,19,2021-12-05 10:28:00,75555.258028665,XBTEUR
1638700140,43773.0,43780.0,43773.0,43780.0,43779.9,0.45512550,16,2021-12-05 10:29:00,19925.39439,XBTEUR
1638700200,43782.7,43795.0,43782.7,43795.0,43784.3,0.80028165,24,2021-12-05 10:30:00,35048.33486175,XBTEUR
1638700260,43794.8,43833.7,43794.6,43806.4,43814.8,1.71931798,47,2021-12-05 10:31:00,75317.131159072,XBTEUR
1638700320,43806.8,43807.0,43798.1,43802.4,43804.6,3.03925076,30,2021-12-05 10:32:00,133126.477489824,XBTEUR
1638700380,43806.9,43817.1,43804.0,43807.0,43806.4,2.14205123,28,2021-12-05 10:33:00,93836.83823261,XBTEUR
1638700440,43807.0,43817.4,43807.0,43817.2,43812.5,1.44577547,14,2021-12-05 10:34:00,63349.832924083996,XBTEUR
1638700500,43817.7,43825.7,43811.8,43811.8,43818.3,0.86727203,18,2021-12-05 10:35:00,37996.748723954,XBTEUR
1638700560,43811.9,43811.9,43727.3,43733.1,43792.2,2.27940329,42,2021-12-05 10:36:00,99685.37202189899,XBTEUR
1638700620,43727.2,43750.0,43725.7,43750.0,43734.3,0.39736776,19,2021-12-05 10:37:00,17384.839500000002,XBTEUR
1638700680,43750.0,43750.0,43750.0,43750.0,43750.0,0.40472958,16,2021-12-05 10:38:00,17706.919125,XBTEUR
1638700740,43749.9,43755.0,43749.9,43755.0,43750.0,0.33477847,16,2021-12-05 10:39:00,14648.23195485,XBTEUR
1638700800,43754.9,43798.1,43754.9,43797.4,43785.9,1.31915916,37,2021-12-05 10:40:00,57775.741394184006,XBTEUR
1638700860,43797.1,43798.1,43794.8,43798.0,43797.3,0.98425182,32,2021-12-05 10:41:00,43108.26121236,XBTEUR
1638700920,43798.0,43798.1,43795.6,43797.5,43797.3,0.91137957,29,2021-12-05 10:42:00,39916.146717075004,XBTEUR
1638700980,43797.4,43851.8,43797.4,43851.8,43826.5,1.18618518,48,2021-12-05 10:43:00,52016.35527632401,XBTEUR
1638701040,43851.8,43873.0,43812.4,43838.3,43857.3,0.42702756,32,2021-12-05 10:44:00,18720.162283548,XBTEUR
1638701100,43844.1,43867.9,43820.6,43859.3,43838.1,0.51486102,26,2021-12-05 10:45:00,22581.443934486,XBTEUR
1638701160,43867.0,43874.1,43857.0,43873.6,43870.9,0.93086270,32,2021-12-05 10:46:00,40840.29775472,XBTEUR
1638701220,43873.6,43873.6,43843.1,43864.3,43851.9,0.51119952,13,2021-12-05 10:47:00,22423.409105136,XBTEUR
1638701280,43869.8,43881.9,43854.3,43857.0,43868.8,0.17188477,16,2021-12-05 10:48:00,7538.35035789,XBTEUR
1638701340,43858.3,43861.9,43858.2,43861.8,43861.6,20.91591383,62,2021-12-05 10:49:00,917409.6292286941,XBTEUR
1638701400,43861.8,43861.8,43835.7,43835.8,43852.6,0.21173499,20,2021-12-05 10:50:00,9281.572674642,XBTEUR
1638701460,43835.8,43835.8,43835.7,43835.8,43835.7,0.19660702,12,2021-12-05 10:51:00,8618.426007316,XBTEUR
1638701520,43835.8,43835.8,43835.7,43835.7,43835.7,1.19535619,18,2021-12-05 10:52:00,52399.275337982996,XBTEUR
1638701580,43835.8,43835.8,43801.9,43805.3,43835.5,1.64670067,31,2021-12-05 10:53:00,72134.216859551,XBTEUR
1638701640,43797.6,43797.6,43729.7,43729.8,43754.5,0.82778601,32,2021-12-05 10:54:00,36198.916660098,XBTEUR
1638701700,43733.4,43751.4,43733.4,43746.8,43738.5,0.13909301,19,2021-12-05 10:55:00,6084.874089868,XBTEUR
1638701760,43752.8,43762.0,43734.7,43740.5,43745.0,1.63124434,40,2021-12-05 10:56:00,71351.44305377001,XBTEUR
1638701820,43734.9,43735.0,43711.5,43711.5,43730.1,13.20161792,45,2021-12-05 10:57:00,577062.52171008,XBTEUR
1638701880,43713.2,43720.9,43697.2,43697.8,43706.4,4.83578260,23,2021-12-05 10:58:00,211313.06089828,XBTEUR
1638701940,43686.7,43710.9,43685.1,43700.0,43703.1,1.27358330,21,2021-12-05 10:59:00,55655.59021,XBTEUR
1638702000,43699.9,43734.3,43699.9,43732.5,43719.1,6.29854389,35,2021-12-05 11:00:00,275451.070669425,XBTEUR
1638702060,43732.7,43734.9,43709.8,43719.5,43718.1,9.81784590,49,2021-12-05 11:01:00,429231.31382505,XBTEUR
1638702120,43719.5,43732.1,43711.7,43730.3,43719.0,5.44837727,40,2021-12-05 11:02:00,238259.172530281,XBTEUR
1638702180,43720.3,43731.3,43685.6,43685.7,43702.9,2.15492516,27,2021-12-05 11:03:00,94139.41406221199,XBTEUR
1638702240,43659.1,43715.1,43659.0,43697.8,43675.2,3.47450123,25,2021-12-05 11:04:00,151828.059848294,XBTEUR
1638702300,43712.4,43727.9,43703.5,43703.6,43709.5,0.05558789,15,2021-12-05 11:05:00,2429.390909404,XBTEUR
1638702360,43703.5,43712.1,43690.6,43699.2,43699.0,0.60045830,21,2021-12-05 11:06:00,26239.54734336,XBTEUR
1638702420,43699.3,43733.9,43699.3,43730.6,43711.9,0.46059132,19,2021-12-05 11:07:00,20141.934778392002,XBTEUR
1638702480,43735.0,43753.0,43724.4,43727.7,43738.1,1.44513886,26,2021-12-05 11:08:00,63192.59852842199,XBTEUR
1638702540,43750.2,43768.9,43738.6,43738.6,43752.2,0.10276502,10,2021-12-05 11:09:00,4494.798103772,XBTEUR
1638702600,43738.8,43774.1,43738.8,43760.5,43757.9,0.14311426,8,2021-12-05 11:10:00,6262.751574729999,XBTEUR
1638702660,43756.9,43775.6,43756.9,43775.5,43768.0,0.24203030,13,2021-12-05 11:11:00,10594.99739765,XBTEUR
1638702720,43775.6,43794.0,43775.6,43790.9,43781.1,0.47538892,16,2021-12-05 11:12:00,20817.708656828,XBTEUR
1638702780,43790.9,43793.8,43779.4,43791.6,43784.6,0.28822175,17,2021-12-05 11:13:00,12621.6915873,XBTEUR
1638702840,43791.4,43791.4,43750.0,43772.3,43787.3,0.77669968,23,2021-12-05 11:14:00,33997.931402864,XBTEUR
1638702900,43772.2,43780.1,43765.8,43765.8,43770.1,0.37961447,14,2021-12-05 11:15:00,16614.130971126,XBTEUR
1638702960,43765.8,43765.8,43730.9,43736.3,43755.0,0.60678463,20,2021-12-05 11:16:00,26538.514613069005,XBTEUR
1638703020,43736.3,43793.0,43736.3,43783.5,43772.8,1.18750835,22,2021-12-05 11:17:00,51993.271842225004,XBTEUR
1638703080,43781.7,43781.7,43741.9,43745.4,43763.5,0.18338608,17,2021-12-05 11:18:00,8022.297424032001,XBTEUR
1638703140,43757.6,43784.6,43757.6,43776.4,43776.1,1.15412859,23,2021-12-05 11:19:00,50523.594807276,XBTEUR
1638703200,43776.3,43784.0,43775.7,43781.7,43782.0,0.14662663,10,2021-12-05 11:20:00,6419.563126671,XBTEUR
1638703260,43777.0,43777.0,43761.9,43773.6,43765.5,7.21114442,36,2021-12-05 11:21:00,315657.751383312,XBTEUR
1638703320,43775.5,43782.8,43739.9,43746.0,43757.9,6.34259366,30,2021-12-05 11:22:00,277463.10225036,XBTEUR
1638703380,43738.1,43748.9,43722.4,43734.4,43729.6,8.40325323,76,2021-12-05 11:23:00,367511.23806211207,XBTEUR
1638703440,43744.4,43766.4,43732.8,43755.2,43741.9,6.72102030,42,2021-12-05 11:24:00,294079.58743056,XBTEUR
1638703500,43755.1,43755.1,43682.1,43682.1,43703.8,6.37792677,44,2021-12-05 11:25:00,278601.234959817,XBTEUR
1638703560,43679.3,43698.5,43673.3,43698.5,43679.0,2.76048248,28,2021-12-05 11:26:00,120628.94365228,XBTEUR
1638703620,43699.4,43699.4,43687.5,43697.7,43690.6,1.57134409,18,2021-12-05 11:27:00,68664.122641593,XBTEUR
1638703680,43697.6,43709.4,43697.6,43709.4,43709.0,0.41505280,12,2021-12-05 11:28:00,18141.70885632,XBTEUR
1638703740,43735.4,43768.5,43735.4,43746.1,43754.5,0.97845134,18,2021-12-05 11:29:00,42803.430164774,XBTEUR
1638703800,43746.1,43746.1,43714.7,43714.7,43731.2,0.16737917,23,2021-12-05 11:30:00,7316.930202798999,XBTEUR
1638703860,43717.9,43764.9,43717.9,43754.3,43742.7,1.09554290,23,2021-12-05 11:31:00,47934.712709470004,XBTEUR
1638703920,43744.2,43760.6,43744.2,43760.6,43753.9,0.08362316,12,2021-12-05 11:32:00,3659.399655496,XBTEUR
1638703980,43758.4,43760.7,43753.2,43756.5,43756.2,0.78145884,30,2021-12-05 11:33:00,34193.90373246,XBTEUR
1638704040,43769.1,43769.9,43761.3,43761.4,43764.0,0.09727115,15,2021-12-05 11:34:00,4256.72170361,XBTEUR
1638704100,43761.4,43761.4,43709.5,43714.5,43742.3,0.99428186,19,2021-12-05 11:35:00,43464.534368969995,XBTEUR
1638704160,43712.8,43715.9,43639.4,43642.2,43669.7,4.88063945,64,2021-12-05 11:36:00,213001.84300479,XBTEUR
1638704220,43642.2,43642.3,43608.3,43608.3,43632.0,0.13420242,28,2021-12-05 11:37:00,5852.339392086,XBTEUR
1638704280,43621.7,43643.3,43617.1,43632.6,43637.9,1.69609656,25,2021-12-05 11:38:00,74005.10276385599,XBTEUR
1638704340,43651.2,43651.2,43615.4,43615.4,43633.6,0.22123949,15,2021-12-05 11:39:00,9649.448852146,XBTEUR
1638704400,43615.7,43618.2,43540.9,43540.9,43578.0,1.20670502,30,2021-12-05 11:40:00,52541.022605318,XBTEUR
1638704460,43540.9,43591.9,43518.6,43575.0,43551.1,2.34422648,40,2021-12-05 11:41:00,102149.668866,XBTEUR
1638704520,43569.1,43574.6,43535.9,43553.5,43548.6,0.71628326,28,2021-12-05 11:42:00,31196.64296441,XBTEUR
1638704580,43574.3,43575.2,43533.1,43554.5,43552.9,1.39500781,29,2021-12-05 11:43:00,60758.867660645,XBTEUR
1638704640,43569.4,43597.8,43551.6,43581.0,43574.0,0.79467073,24,2021-12-05 11:44:00,34632.54508413,XBTEUR
1638704700,43570.1,43597.4,43565.9,43597.4,43582.6,1.40149015,30,2021-12-05 11:45:00,61101.32666561001,XBTEUR
1638704760,43598.7,43598.7,43587.5,43587.5,43590.9,0.71030140,16,2021-12-05 11:46:00,30960.2622725,XBTEUR
1638704820,43587.5,43587.5,43500.0,43500.0,43554.7,4.63030189,25,2021-12-05 11:47:00,201418.13221500002,XBTEUR
1638704880,43485.6,43495.0,43485.5,43485.5,43488.9,0.17064072,10,2021-12-05 11:48:00,7420.39702956,XBTEUR
1638704940,43480.4,43493.8,43452.8,43488.4,43472.4,0.22126615,19,2021-12-05 11:49:00,9622.51083766,XBTEUR
1638705000,43500.8,43513.6,43465.9,43465.9,43499.7,1.02247755,14,2021-12-05 11:50:00,44442.90694054501,XBTEUR
1638705060,43452.8,43493.4,43452.8,43475.5,43462.7,0.35378121,11,2021-12-05 11:51:00,15380.814995355,XBTEUR
1638705120,43464.2,43480.5,43463.2,43479.9,43475.8,0.73871402,16,2021-12-05 11:52:00,32119.211718198,XBTEUR
1638705180,43520.1,43535.5,43520.1,43525.3,43527.5,0.11292573,13,2021-12-05 11:53:00,4915.126275969001,XBTEUR
1638705240,43525.4,43574.5,43525.4,43569.6,43543.6,0.60022075,23,2021-12-05 11:54:00,26151.3779892,XBTEUR
1638705300,43569.7,43586.6,43569.7,43586.6,43585.2,0.60226677,29,2021-12-05 11:55:00,26250.760797281997,XBTEUR
1638705360,43586.6,43623.8,43551.0,43560.8,43578.3,3.11305134,33,2021-12-05 11:56:00,135607.006811472,XBTEUR
1638705420,43566.7,43572.3,43523.7,43523.8,43552.6,0.27703492,20,2021-12-05 11:57:00,12057.612451096002,XBTEUR
1638705480,43548.6,43627.9,43548.6,43627.9,43585.3,0.15571250,12,2021-12-05 11:58:00,6793.4093787500005,XBTEUR
1638705540,43627.9,43676.0,43611.7,43676.0,43621.2,1.68910416,16,2021-12-05 11:59:00,73773.31329216,XBTEUR
1638705600,43657.6,43690.0,43649.0,43668.2,43670.6,0.34092493,26,2021-12-05 12:00:00,14887.578028226,XBTEUR
1638705660,43673.2,43741.6,43673.2,43698.6,43727.7,0.51509009,14,2021-12-05 12:01:00,22508.715806873995,XBTEUR
1638705720,43697.7,43697.7,43679.2,43696.7,43687.4,0.61084114,11,2021-12-05 12:02:00,26691.742042238,XBTEUR
1638705780,43701.7,43701.7,43601.5,43638.5,43654.2,0.98993173,28,2021-12-05 12:03:00,43199.135799605,XBTEUR
1638705840,43630.9,43638.4,43615.8,43615.8,43637.2,0.04592289,7,2021-12-05 12:04:00,2002.9635856620002,XBTEUR
